Mon: Oct 23,Runthelengthofyourwildness w/ Elexos Park and Haustier,"house, techno, leftfield",Underground (San Francisco),9pm-2am,Free,21+,Run The Length Of Your Wildness,https://www.facebook.com/events/366369223820078/,,43031.875
Mon: Oct 23,Monday Night Edutainment Feat. Xander (Mondial Afrique),"dancehall, hip-hop, trap, reggae",Hopmonk Tavern - Sebastopol,10pm,$5 b4 10:30/$10,21+,The WBLK Dancehall Massive,http://ticketf.ly/2wzTVyH,https://www.facebook.com/events/118908198813606/,43031.91667
Tue: Oct 24,"Taco Tuesday: Dizkoalition, Paul Carey, Darren Davis","house, disco",Monarch (San Francisco),5:30pm-8:30pm,Free,21+,Dizkoalition,https://www.facebook.com/events/2005794669702857/,,43032.72917
Tue: Oct 24,"Snakehips, STw/O, Yahtzel",synthpop,Fox Theater - Oakland,8pm,$29.50 ,18+,,http://www.ticketmaster.com/event/1C005302E135B31A,,43032.83333
Tue: Oct 24,Rhythm Ritual w/ Dan Isaac,house,The Continental Bar Lounge & Patio (San Jose),9pm-1:30am,Free,21+,Rhythm Ritual,https://www.facebook.com/events/895144620641478/,,43032.875
Tue: Oct 24,E-Sassin:: Tiktak:: Aeon:: DJ Web,"drum and bass, jungle",Monarch (San Francisco),10pm-2am,$5-7,21+,Soundpieces,http://www.ticketfly.com/event/1576568,https://www.facebook.com/events/867556090084435/,43032.91667
Wed: Oct 25,"Wolf Eyes, SBSM, Neha Spellfish, Beast Nest","noise, experimental",Peacock Lounge (San Francisco),7:45pm-11:59pm,$12 pre/$15,21+,,http://wolfeyes.brownpapertickets.com/,https://www.facebook.com/events/1441663312548188/,43033.82292
Wed: Oct 25,Benefit Show For North Bay Fire Victims,"electro house, trap",715 Harrison St (San Francisco),9pm-2am,$10+,18+,EPR Life,https://www.facebook.com/events/1965619893649907/,,43033.875
Wed: Oct 25,"Housepitality: Kevin Knapp, Sharon Buck, Gregory Woo",tech house,F8 1192 Folsom (SF),9pm-2am,Free b4 10pm w/RSVP / $5 pre / $10,21+,Housepitality,http://www.residentadvisor.net/events/1018385,https://www.facebook.com/events/318571525275070/,43033.875
Wed: Oct 25,"Kosmetik w/ Nick Moss, Matthew_XO, Jordee",house,The STUD (San Francisco),9pm-2am,"Free before 10pm, $5 after",21+,Kosmetik,https://www.facebook.com/events/124530041630377/,,43033.875
Wed: Oct 25,Worm-O-Ween - Ft Bleep Bloop / Nastynasty / Proko / Chee,"trap, hip-hop, dubstep, bass music",The New Parish (Oakland),9pm-3am,$10-35,21+,Wormhole Entertainment,http://www.ticketweb.com/t3/sale/SaleEventDetail,https://www.facebook.com/events/133939457212238/,43033.875
Thu: Oct 26,"Odesza: 2017 A Moment Apart Tour w/Sofi Tukker, Chet Porter","synthpop, future beats, trap",Greek Theater (Berkeley),7pm,$53.50 ,18+,,http://www.ticketmaster.com/event/1C0052C9B9A160D8,,43034.79167
Thu: Oct 26,"Sonoma County Fire: Relief Event Ft. Digital Rust, BOGL, Tha Fruitbat, Hollis, Oshiin X Synclan, STRGD","bass music, dubstep, trap",Holy Diver (Sacramento),7pm-2am,$5 ,,Holy Diver,https://www.facebook.com/events/170898256821900/,,43034.79167
Thu: Oct 26,"Wolf Eyes, Bran(Pos), Gaiamamoo, False None","noise, experimental",Peacock Lounge (San Francisco),7:45pm-11:59pm,$12 pre/$15,21+,,http://wolfeyes.brownpapertickets.com/,https://www.facebook.com/events/119557205380355/,43034.82292
Thu: Oct 26,Crystal Castles,"electro, synthpop",The Warfield (San Francisco),8pm-11:30pm,$30 ,18+,Goldenvoice-SF,https://www.facebook.com/events/1925420391008170/,,43034.83333
Thu: Oct 26,"Unseen Series | Autumn 2017: Christina Chatfield, Scott Moore, Guy Taylor, Bill Wiatroski, Kit Young",experimental A/V,Gray Area Art + Technology (San Francisco),8pm-12am,$8 pre/$13-15,All ages,Gray Area,https://www.eventbrite.com/e/unseen-series-autumn-2017-tickets-37769936898,https://www.facebook.com/events/874550572694042/,43034.83333
Thu: Oct 26,Deepinthehatch: All Hallows Eve,"deep house, tech house",Deep In The Hatch (Oakland),9pm-1:30am,Free,21+,Deep In The Hatch,https://www.facebook.com/events/121022325260087/,,43034.875
Thu: Oct 26,"Toro Y Moi DJ Set, The CME, Mark PlSTK, Shea Butter, Chale Brown",synthpop,The Continental Bar Lounge & Patio (San Jose),9pm-1:30am,,21+,"The Changing Same, Universal Grammar",https://www.facebook.com/events/408863376196276/,,43034.875
Thu: Oct 26,"DStar - Flex Recordings Release Event w/D.R.T., Salokin, Plan B, Bad Moves",bass music,Midtown Barfly (Sacramento),9pm-1:45am,Free w/RSVP b4 10pm/$5,18+,The Cenobites,https://www.eventbrite.com/e/d-star-flux-record-release-event-stilldreamin-and-rsdnb-present-tickets-39022283701?aff=efbeventtix,https://www.facebook.com/events/1479700258776812/,43034.875
Thu: Oct 26,Phutureprimitive,"downtempo, hip-hop, house",Mystic Theatre (Petaluma),9pm-1am,$17 pre,21+,,http://bit.ly/2v5zf0K,https://www.facebook.com/events/1471306182935905/,43034.875
Thu: Oct 26,"Lips & Rhythm Records Label Night 002 w/Bruno & Polinne, Sixxth, Chuwee, Birds Of Rhythm","disco, house, techno",Underground (San Francisco),9pm-2am,,21+,,https://www.facebook.com/events/1492480837502154/,,43034.875
Thu: Oct 26,Make Sense Halloween Edition,"house, techno",Deluxe (Sasn Jose),9pm-2am,Free,21+,Scott Rich,https://www.facebook.com/events/777114225747146/,,43034.875
Thu: Oct 26,Re:Fresh Thursdays w/ Charlesthefirst,"bass music, glitch-hop",Haven Underground (Nevada City),9pm-2am,$10 ,,Euphonic Conceptions,http://bit.ly/2wVNCqX,https://www.facebook.com/events/741916985993128/,43034.875
Thu: Oct 26,Sofi Tukker (DJ Set),"electro house, pop EDM",Audio San Francisco,9:30pm-2am,$10-25,21+,Sofi Tukker,https://www.eventbrite.com/e/sofi-tukker-dj-set-tickets-38858612155?id=,https://www.facebook.com/events/497872370598023/,43034.89583
Thu: Oct 26,"The Program Oakland Pre-O-Ween: Eklektik, Aeon, Zipse","hip-hop, bass music",Lounge 3411 (Oakland),10pm-1am,$5 ,21+,Get With The Program,https://www.facebook.com/events/2071919329705595/,,43034.91667
Thu: Oct 26,Barely Alive & Virtual Riot,"dubstep, trap, electro house",District 30 (Sacramento),10pm-2am,$5-15,21+,Requiem Events,https://www.facebook.com/events/484274695254627/,https://www.facebook.com/events/484274695254627/,43034.91667
Thu: Oct 26,Bounce: Freddy Silva b2b Stylus + Alexx Gold,house,SKY KTV,10pm-2am,,21+,White Diamonds Entertainment,https://www.facebook.com/events/361151340991187/,,43034.91667
Thu: Oct 26,DJ Mustard: The Residency,hip-hop,1015 Folsom (San Francisco),10pm-2am,$20 ,21+,,https://www.eventbrite.com/e/dj-mustard-the-residency-at-1015-folsom-tickets-35186040394,,43034.91667
Thu: Oct 26,"Tek-Xico City Fundraiser w/ U-SRD, Joey Moretti vs David Paul, Cristoffer Zuniga vs d.Santis, Juan Beatz vs Zara Mez","techno, house",Harlot San Francisco,10pm-2am,donations,21+,Funky Teknomics,https://www.facebook.com/events/213734765831982/,,43034.91667
Thu: Oct 26,Srsly?005 - Adra [Live] / Tobin Ellsworth / Rodney K / Srsly DJs,"deep house, funky house",F8 1192 Folsom (San Francisco),10pm-3am,Free w/RSVP b4 10:30pm,21+,Sequel Sound Recordings,https://www.facebook.com/events/179052639321067/,,43034.91667
Fri: Oct 27,Daybreaker SF // Halloween at Sea,"house, yoga",Hornblower Cruises & Events San Francisco,6am-9am,$30+,,Daybreaker,http://www.daybreaker.com/city/sf/?utm_source=fb&utm_campaign=sf_2017-10-27_halloween-sea&utm_medium=event&utm_content=tickets-main,https://www.facebook.com/events/1063660663769342/,43035.25
Fri: Oct 27,MK (Marc Kinchen),house,Audio San Francisco,9:30am-2am,$10-25,21+,Audio San Francisco,https://www.eventbrite.com/e/mk-marc-kinchen-halloween-weekend-tickets-37081836772?id=,https://www.facebook.com/events/699700906887857/,43035.39583
Sat: Oct 27,"Boo! San Francisco 2017: Dillon Francis, What So Not, A-Trak, Loudpvck, Graves, Judge, Zeds Dead, Borgore, Kayzo, Devault, GG Magree, Blu J","electro house, big room, trap, future bass, pop EDM, hardstyle, hardcore",Bill Graham Civic Auditorium (San Francisco),5:00pm,$115-135,18+,Insomniac,https://www.insomniac.com/boo-san-francisco-2017,,43035.70833
Fri: Oct 27,"Eros Mortis ~ Carpe Noctem ~ Pop Up w/Baby J, Idea Unsound, DJ Sadgirl, Thizz Markie","hip-hop, club music",B4bel4b Gallery (Oakland),6pm-11pm,,,B4bel4b Gallery,https://www.facebook.com/events/122288171779243/,,43035.75
Fri: Oct 27,"Odesza: 2017 A Moment Apart Tour w/Sofi Tukker, Chet Porter","synthpop, future beats, trap",Greek Theatre (Berkeley),6pm-11pm,$53.50+,18+,,https://www.facebook.com/events/1354500154646002/,,43035.75
Fri: Oct 27,"Justin Long, Skander, Exillon, Craow & Lower Tar","industrial, noise, experimental",RS94109 (San Francisco),6pm-12am,$10 ,,RS94109,https://www.facebook.com/events/177997736080255/,,43035.75
Fri: Oct 27,"So Stoked Graveyard: Ronski Speed, Squad-E, S-Range, Dark By Design, Pulsar, Bodhisattva 13:20, Hartshorn, Switchblade, Rafer Rawb, Angel & Rohan, Dilt, Duchess, That Sober MC, Doctor Spook, Zul, DJ Olowanpi, Beatson, Dr Delicious, TreeKat!, Axel Holmes, Envix, Venom5pitter, Jade, Prolix, MachineCode, Current Value & Dean Rodell, D-Program, High Society DNB, Meraki, S!cko, Corrine, Mark G, Mhytee, Sneakerz, Willy Wonksta, DJ Smokie, Damasek","trance, hardcore, drum and bass, psytrance, house, techno, jungle, gabber, dubstep, trap",DNA Lounge (San Francisco),7pm-6am,$10-30 pre/$35-40,All ages,"Kandi Love, Geomagnetic, PLUR Alliance, Entertainment Portal, Honey Bunny Productions",https://www.dnalounge.com/calendar/2017/10-27.html,https://www.facebook.com/events/1599927556738619/,43035.79167
Fri: Oct 27,"Super You&Me Halloween Tour feat. Laidback Luke, Dyro, Ape Drums, Gladiator, Nick G",,The Warfield (San Francisco),8pm-11:59pm,$38.50-50,18+,Super You&Me,http://www.goldenvoice.com/#/event/339298,https://www.facebook.com/events/242476992938836/,43035.83333
Fri: Oct 27,Saul Williams: Lit,"hip-hop, spoken word",Red Bay Coffee (Oakland),8pm-1am,$15-30,,MATATU,http://matatu.eventbrite.com/,https://www.facebook.com/events/662145023976218/,43035.83333
Fri: Oct 27,"Fright Night: Diplo, Excision","pop EDM, trap, hip-hop, electro house, dubstep",Sacramento Convention Center Complex,8pm-2am,$52 ,16+,Midnite Events,http://purchase.tickets.com/buy/TicketPurchase?pid=8473994,https://www.facebook.com/events/108409379852953/,43035.83333
Fri: Oct 27-Sun: Oct 29,"Random Movement, Autopsy, Ruko, Staunch & Circumstance, Duchess, R3M","drum and bass, jungle",Lounge 3411 (Oakland),8pm-2am,$5 ,21+,Dystopia Drum & Bass,https://www.facebook.com/events/140894569860006/,,43035.83333
Fri: Oct 27,Phutureprimitive,"downtempo, hip-hop, house",The Catalyst Atrium (Santa Cruz),8:30pm-12am,$15 pre/$19,16+,,http://www.catalystclub.com/event/1544542-phutureprimitive-santa-cruz/,https://www.facebook.com/events/2377852129106598/,43035.85417
Fri: Oct 27,"David Harness, DJ Kincaid","deep house, soulful house",The Rock Steady (Oakland),9pm,,21+,,http://www.ticketweb.com/fb/7768565/rocksteady,https://www.facebook.com/events/475858209456377/,43035.875
Fri: Oct 27,Ggl Halloween Bash! - Dusky (Uk) | DJ M3 | Anthony Mansfield | Jimmy B | Sharon Buck,house,Monarch (San Francisco),9pm,$15-25,21+,,http://ticketf.ly/2vlTLxE,https://www.facebook.com/events/120371515263071/,43035.875
Fri: Oct 27,"Art For Water Fundraiser: Danny Weird, Tony Inorbit, Karma Thieves, Anunnaki, Chlorophil, Rafiq","dubstep, downtempo, glitch, bass music",BRIX 581 (Oakland),9pm-2am,$10 ,,Art For Water,https://www.eventbrite.com/e/art-for-water-tickets-38705453052?aff=es2,https://www.facebook.com/events/1442616082442203/,43035.875
Fri: Oct 27,Brouhaha w/ Huerta,"house, techno",Underground (San Francisco),9pm-2am,,21+,Brouhaha,https://www.facebook.com/events/1485975518151172/,,43035.875
Fri: Oct 27,Deadly Disco,TBA,San Francisco Armory,9pm-2am,,21+,Crossroads,https://www.facebook.com/events/1980560558845688/,,43035.875
Fri: Oct 27,"Halloween Rager 2017: J. Espinosa, DVS, SWIIISH AKA, DJ ISHHH, DJ SWIIIPE","pop EDM, hip-hop",King Street Event Space (San Francisco),9pm-2am,$15-20,21+,,http://www.residentadvisor.net/events/1010990,,43035.875
Fri: Oct 27,Wrong Way Weekly,"leftfield, house, techno",Driftwood (San Francisco),9pm-2am,Free,21+,Wrong Way,https://www.facebook.com/events/1983739575239655/,,43035.875
Fri: Oct 27,"City Hearts San Francisco: Mikey Lion, Lee Reynolds, Marbs, Porkchop","tech house, progressive house, deep house, techno",Public Works (San Francisco),9pm-4am,$25 ,21+,Desert Hearts,https://www.residentadvisor.net/events/1006853,,43035.875
Fri: Oct 27-Sun: Oct 29,"Loveboat Halloween feat. Fatboy Slim, Moby (DJ set)","big beat, house, breaks",Loveboat Halloween (San Francisco),Fri: 9pm-Sun: 4am,,,Hushconcerts,http://bit.ly/LBH17,https://www.facebook.com/events/253320045174255/,43035.875
Fri: Oct 27,Minnesota,dubstep,Arcata Theater Lounge (Arcata),9:30pm-1:30am,$15-25,18+,,https://tickets.vendini.com/ticket-software.html?t=tix&w=7487e69865aa764d38a358706e0c1571&vqitq=846f8f97-93e3-4c96-a83d-192a5b880cf5&vqitp=82d96aa9-9390-47ff-99f1-09998692e277&vqitts=1507050515&vqitc=vendini&vqite=itl&vqitrt=Safetynet&vqith=3ea2c8084028e9c059122c07299f07e6,,43035.89583
Fri: Oct 27,"Bassmint 2017: Labrat, Pacific Patterns, GenreAssassin","dubstep, trap, hip-hop",Bassmint (Chico),9:30pm-1:45am,$5-8,21+,Bassmint Chico,https://www.facebook.com/events/1491810644236790/,,43035.89583
Fri: Oct 27,"Dark Shadows: Monster Mash, Daniel Skellington & Melting Girl, Decay & Sage","goth, synthwave, darkwave, industrial, EBM, electro",Dark Shadows,9:30pm-2:30am,$5 b4 10/$8,21+,Dj Decay,https://www.facebook.com/events/162120304372234/,,43035.89583
Fri: Oct 27,Lost Frequencies - Haunted No Tell Motel Halloween,"indie dance, synthpop",Love + Propaganda (San Francisco),9:30pm-2am,$15-20,21+,Love + Propaganda,http://loveandpropaganda.electrostub.com/event.cfm?cart&id=186027,https://www.facebook.com/events/1581889841856748/,43035.89583
Fri: Oct 27,Chris Liebing,techno,The Great Northern (San Francisco),9:30pm-3:30am,$12.50-17.50,21+,On&On,https://www.residentadvisor.net/event.aspx?990456,https://www.facebook.com/events/148095169099307/,43035.89583
Fri: Oct 27,Hoj's House Of Horrors + Nikita,"deep house, tech house",The Midway (San Francisco) (San Francisco),9:30pm-3am,$15-20,21+,The Midway SF,http://ticketf.ly/2xzYYQd,https://www.facebook.com/events/385079131924154/,43035.89583
Fri: Oct 27,"Aldeia Halloween Open Bar - Naldo Benny, Babi Muniz, Miss Cady, Antonio Guedes, Krueger, DJ Double B , Rafa Barbosa ","baile funk, house, hip-hop, trap",VERSO (San Francisco),10pm,$100 ,21+,Hawaii Production,http://www.brazukatickets.com/aldeia_halloween,https://www.facebook.com/events/136832140269071/,43035.91667
Fri: Oct 27,"Holy Fxxx - Dance Floor Debauchery w/Shaun Slaughter, Adam Jay, Benjam","funky house, disco house, jackin house",Holy Diver (Sacramento),10pm-1:40am,,,Requiem Events,https://www.facebook.com/events/1837019649648205/,,43035.91667
Fri: Oct 27,"Afrocuba w/Leydis, K.LA-V","hip-hop, house, afro, latin dance, reggae, soul",Bissap Baobab Oakland,10pm-2pm,Free,21+, This Friday And Every 4Th Friday ' Bissap Baobab Oakland,http://www.djheylove.com/,https://www.facebook.com/events/133942467355692/,43035.91667
Fri: Oct 27,Brownies & Lemonade: Haunted House,"trap, hip-hop",1015 Folsom (San Francisco),10pm-3am,$20 ,21+,,https://www.eventbrite.com/e/brownies-lemonade-haunted-house-at-1015-folsom-tickets-37445596788,https://www.facebook.com/events/523879311283316/,43035.91667
Fri: Oct 27,"Anja Schneider, Sian w/Matthias Link, Jill Mcdonald","techno, tech house",Halcyon (San Francisco),10pm-4am,$5-20,21+,,http://ticketf.ly/2w8pn73,https://www.facebook.com/events/510989619239192/,43035.91667
Fri: Oct 27,"Redisco Halloween SF // N2N, King Most + Friends",disco house,Madrone Art Bar (San Francisco),10pm-4am,$25-35,21+,Redisco,https://www.facebook.com/events/1965795693635817/,,43035.91667
Fri: Oct 27,"Surface Tension.28: Antenes, 400PPM, Hom","techno, experimental",F8 1192 Folsom (San Francisco),10pm-4am,$14-19,21+,Surface Tension,http://www.residentadvisor.net/events/1018377,,43035.91667
Fri: Oct 27,Wicked Waters - Halloween Yacht Party,"top 40, pop EDM, hip-hop",Pier 40 (San Francisco),10:30pm-1:30am,$50-90.67,18+,Wicked Events,https://wicked-waters3.eventbrite.com/,https://www.facebook.com/events/351622621959215/,43035.9375
Fri: Oct 27,"Alllllllll Night w/Albert Janssen (Live), Alastair, Shri, Dosc B2B Obsu, Emanate","techno, tech house",TBA (San Francisco),11pm,$10 ,,Mioli Music,19hz.info/eventlisting_BayArea.php,,43035.95833
Fri: Oct 27,"Bassment Sessions Halloween Feat. Kazbah, Papa Lu, Ali Khalili, Dusty Carter, Andrew Phelan","techno, tech house, progressive house, deep house",TBA (San Francisco),11:55pm-6am,$10-25,21+,Prismatic,https://bassmenthalloween.eventbrite.com/,https://www.facebook.com/events/1470985082949286/,43035.99653
Sat: Oct 28,Halloween Costume Day Party Ft. London On Da Track & Yesjulz,"hip-hop, trap",1015 Folsom (San Francisco),2pm-7pm,$15 ,21+,1015 Folsom,http://toastedhween.eventbrite.com/,https://www.facebook.com/events/495236244158125/,43036.58333
Sat: Oct 28,"Odesza: 2017 A Moment Apart Tour w/Sofi Tukker, Chet Porter","synthpop, future beats, trap",Greek Theatre (Berkeley),6pm-11pm,$53.50+,18+,,https://www.facebook.com/events/1354500154646002/,,43036.75
Sat: Oct 28,2nd Annual ~Women Of Music~,live electronic,Indigital (Santa Cruz),8pm-11pm,$20 ,,Indigital,https://www.facebook.com/events/121233105258737/,,43036.83333
Sat: Oct 28,Nightmare On Normal St - 1200 Hustle Halloween,TBA,Gearhead Barbershop (Chico),8pm-2am,,,1200 Hustle,https://www.facebook.com/events/128113207812805/,,43036.83333
Sat: Oct 28,The Bloody Beetroots,electro house,The Independent (San Francisco),9pm,$28 pre/$30,21+,,https://www.ticketfly.com/purchase/event/1532832,https://www.facebook.com/events/1982515875107274/,43036.875
Sat: Oct 28,"The Deep End (Halloween Edition): Infusion AKA Hector 'Infusion' Escobar, JustJovani, DJ.Dexter, Jellyybearrr AKA Cristian Padilla","g-house, bass house, deep house, funky house",Lounge 3411 (Oakland),9pm,Free,21+,Sinewave Syndicate,https://www.facebook.com/events/2391873284383037/,,43036.875
Sat: Oct 28,Dash Berlin,"big room, progressive house, trance",Rainbow Ballroom (Fresno),9pm-1:30am,$25-35,18+,Midnite Events + K-Lin,https://www.eventbrite.com/e/dash-berlin-in-fresno-18-halloween-weekend-tickets-37891878629?aff=efbevent,https://www.facebook.com/events/124585321529357/,43036.875
Sat: Oct 28,"Cirque Du Sebastopol Night 2: Random Rab + Charles The First, VNDMG","downtempo, trip-hop",Hopmonk Tavern Sebastopol (Sebastopol),9pm-11pm,$15-40,21+,Hopmonk Tavern Sebastopol,https://www.ticketfly.com/purchase/event/1564488?_ga=2.228766172.1539010320.1507608749-1423851277.1503524114&__utma=1.1423851277.1503524114.1507396770.1507608749.44&__utmb=1.3.10.1507608749&__utmc=1&__utmx=-&__utmz=1.1507608749.44.33.utmcsr=hopmonk.com%7Cutmccn=(referral)%7Cutmcmd=referral%7Cutmcct=/sebastopol/&__utmv=-&__utmk=125173386,https://www.facebook.com/events/1899754823620378/,43036.875
Sat: Oct 28,Azealia Banks,"funky house, deep house, hip-hop",Mezzanine (San Francisco),9pm-2am,$20-45,21+,"Swagger Like Us, 120 Minutes",https://www.facebook.com/events/131959140762532/,,43036.875
Sat: Oct 28,Gorgon City Presents Kingdom,"house, UK garage",The Midway (San Francisco),9pm-2am,$24.50-29.50,21+,"The Midway SF, Gorgon City",http://ticketf.ly/2tcW1Xp,https://www.facebook.com/events/170882216783141/,43036.875
Sat: Oct 28,Haute & Screamy Halloween w/Ryan Lucero,"house, hip-hop",Hawthorn (San Francisco),9pm-2am,Free w/RSVP b4 10:30pm/$10-15,21+,Hawthorn,https://hautescreamyhalloween.eventbrite.com/,https://www.facebook.com/events/379942079092593/,43036.875
Sat: Oct 28,Queens On The Mic Night - Featuring: New Fame,hip-hop,The Legionnaire Saloon (Oakland),9pm-2am,,21+,New Fame,https://www.facebook.com/events/1897757790541300/,,43036.875
Sat: Oct 28,Signum + JWH + Blurr,trance,VERSO (San Francisco),9pm-2am,$20-30,21+,Weske Entertainment,http://e.sparxo.com/edmsf,https://www.facebook.com/events/121772801819523/,43036.875
Sat: Oct 28,Bootie SF: Halloween Booootie!,mashups,DNA Lounge (San Francisco),9pm-3:30am,$10 b4 10pm/$15 pre/$20,21+,Bootie SF,http://dnalounge.com/calendar/2017/10-28.html,https://www.facebook.com/events/151077482163026/,43036.875
Sat: Oct 28,"The People Halloween Ball Feat. Salah Ananse, Cali, Cecil, HeyLove*, Jon Reyes","deep house, funky house",The New Parish (Oakland),9pm-3am,$5-10,21+,,http://www.residentadvisor.net/events/1021998,,43036.875
Sat: Oct 28,Phantasm 2017: 'The Hall Of Mirrors' w/ Hot Since 82 & Stanton Warriors,"breaks, bassline house, electro house, deep house, tech house",The Armory (San Francisco),9pm-4am,$40+,21+,Opel Productions & Vau De Vire Society,https://phantasm2017.eventbrite.com/,https://www.facebook.com/events/261346024385652/,43036.875
Sat: Oct 28,"Screamworks Feat. Mozhgan, Kevin O'Connor, Taco Tuesday","house, techno",The STUD (San Francisco),9pm-4am,,21+,Pound Puppy,https://www.facebook.com/events/114138519328753/,,43036.875
Sat: Oct 28,"Anomalistic Records : Duality Ft Plankton, Luuli, Parus, Sunchild, Audiodidakt, Mita, Zul, K owl, Ekimskrid, Herbert quain, Psynonima, Samyaza, Kanaiaya, Maru Secrets, Ira in Space, Fisheye, Konvndrvm",psytrance,TBA (Bay Area),9pm-6pm,$50 ,,Wares Marufy,https://www.facebook.com/events/1307126299396120/,,43036.875
Sat: Oct 28,Audio Halloween w/ Dr. Fresch,"big room, electro house, dubstep, trap",Audio San Francisco,9:30pm-2am,$10-17.47,21+,Ney X Miss Mak,https://www.eventbrite.com/e/audio-halloween-w-dr-fresch-tickets-38567705044,https://www.facebook.com/events/153811361877036/,43036.89583
Sat: Oct 28,Loves Company 016,"tech house, techno",Underground SF (San Francisco),9:30pm-2am,Free,21+,Loves Company,https://www.facebook.com/events/1450042841673528/,,43036.89583
Sat: Oct 28,Canson & Mark Slee: Haunting On Erie Street,"techno, deep house, tech house, progressive house",The Public Works Loft (San Francisco),9:30pm-3:30am,$15-17,21+,,http://ticketf.ly/2xUOX1S,https://www.facebook.com/events/901041363404271/,43036.89583
Sat: Oct 28,Hollaween IX - Sleight Of Hands / Gordo Cebeza / Duserock / Dtek / Kimmy Le Funk,house,Monarch (San Francisco),9:30pm-3am,$25 ,21+,"Sleight of Hands, Duserock, Partyrobot",http://ticketf.ly/2yhJxj2,https://www.facebook.com/events/171055006782572/,43036.89583
Sat: Oct 28,"Trap Or Treat w/ Bogl, Sikkie","bass music, downtempo, glitch",The Tip Top Club,10pm,$20 ,21+,Get With The Program,https://www.facebook.com/events/113945692624872/,,43036.91667
Sat: Oct 28,Valentino Khan,"trap, dubstep, bass house, electro house",Temple Nightclub (San Francisco),10pm-2am,$30 pre,21+,Temple SF,https://www.eventbrite.com/e/valentino-khan-tickets-36845698476?aff=efbeventtix,https://www.facebook.com/events/112798742715853/,43036.91667
Sat: Oct 28,Animal Bottoms - Halloween,"house, funk",TBA (East Bay),10pm-3am,,,Animal Bottoms,https://www.facebook.com/events/1962855183962347/,,43036.91667
Sat: Oct 28,3 Years Of Parameter,TBA,F8 1192 Folsom (San Francisco),10pm-4am,$8-20,21+,Parameter,https://www.residentadvisor.net/event.aspx?999174,https://www.facebook.com/events/191252868081396/,43036.91667
Sat: Oct 28,"Horror Story: Dance Of The Dead: DJ Dan b2b divaDanielle, David Harness, Harry Cross","deep house, funky house, jackin house","Space 550 (550 Barneveld Ave, San Francisco)",10pm-5am,$15-48.47,,Polyglamorous & Mystopia,https://horror-story-dance-dead.eventbrite.com/,https://www.facebook.com/events/107561446571085/,43036.91667
Sat: Oct 28,Joseph Capriati,techno,Halcyon (San Francisco),10pm-6am,$20-35,21+,,http://ticketf.ly/2tijOVo,https://www.facebook.com/events/918209648320295/,43036.91667
Sat: Oct 28,"Nocturnal Code: Techno Masquerade w/Lisa Rose, Bairfro","tech house, deep house, techno",TBA (San Francisco),11:59pm-6am,$20-30,21+,Nocturnal Code,https://www.residentadvisor.net/events/1027218,https://www.facebook.com/events/2032250630391906/,43036.99931
Sun: Oct 29,"Once In A Blue Moon: Denise, Forest Green, Vega Garcia","house, disco",Mars Bar San Francisco,12pm-7pm,Free,21+,,https://www.facebook.com/events/1314820491977174/,,43037.5
Sun: Oct 29,"Disco Donutz: Dawn Of The Donutz Featuring Taj & Sound It Out, A-Vlust, Finster, Kuhteeuh, Raid Zero, Vybrant Vibes, Corrine, Danny Weird, Denise, Legit Soda, Meraki, Neon Bunny, Sonny Daze, Switchblade","house, techno, funk, drum and bass",BRIX 581 (Oakland),3pm,"$5 b4 5, $10",21+,Disco Donutz,https://www.facebook.com/events/145497659520122/,,43037.625
Sun: Oct 29,"Sunset Sound System Halloween Costume Boat Party 2017: Catz 'N Dogz, DJ Three, Jake The Rapper, It's Own Infinite Flower & Jonah Sharp's Synthesizer Seance","deep house, tech house, funky house, techno",The San Francisco Belle,5pm-11pm,$65-75,21+,Sunset Sound System,https://www.eventbrite.com/e/sunset-sound-system-halloween-costume-boat-party-2017-tickets-38605997578,https://www.facebook.com/events/1925491827726061/,43037.70833
Sun: Oct 29,"Turbo Drive: Protector 101, The Encounter, Street Cleaner",synthwave,DNA Lounge (San Francisco),7pm-1am,$15 ,18+,Protector 101,https://www.dnalounge.com/calendar/2017/10-29d.html,https://www.facebook.com/events/145342902746408/,43037.79167
Sun: Oct 29,Kelela,"R&B, future beats",The Independent (San Francisco),8pm,$22.50 pre/$25,21+,,http://www.ticketfly.com/purchase/event/1541647,https://www.facebook.com/events/277375229412329/,43037.83333
Sun: Oct 29,Thievery Corporation,"downtempo, trip-hop, leftfield",The Masonic (San Francisco),8pm,$35 ,,SiriusXM,http://concerts.livenation.com/event/1C0052D0E10796DA,,43037.83333
Sun: Oct 29,Jlin,"juke, footwork, trap, hip-hop",The Lab (San Francisco),8pm-11:59pm,$12-20,,The Lab,https://thelab.z2systems.com/eventReg.jsp?event=400&,https://www.facebook.com/events/110304486337870/,43037.83333
Sun: Oct 29,"Stamina Halloween w/ Amit, Bachelors Of Science, Tom B III","drum and bass, jungle",F8 1192 Folsom (San Francisco),10pm-2am,Free,21+,Stamina,https://www.facebook.com/events/401011800315762/,,43037.91667
Mon: Oct 30,Alan Walker,"pop EDM, big room house",Ace of Spades (Sacramento),7pm,$30 ,17+,The Monster Energy Up & Up Fest,https://www.eventbrite.com/e/the-monster-energy-up-up-fest-presents-alan-walker-ace-of-spades-tickets-38642944086,,43038.79167
Mon: Oct 30,Black Star Feat. Yasiin Bey & Talib Kweli,hip-hop,The Novo By Microsoft (Los Angeles),8pm,$30-45,All ages,Goldenvoice,http://www.axs.com/events/343778/black-star-feat-yasiin-bey-talib-kweli-tickets,https://www.facebook.com/events/275946542910916/,43038.83333
Mon: Oct 30,Death Guild: Darkest Night,"industrial, goth, EBM",DNA Lounge (San Francisco),9pm,$5 b4 10/$10,18+,Death Guild,https://www.facebook.com/events/384723985295298/,,43038.875
Mon: Oct 30,Kelela,"R&B, future beats",The New Parish (Oakland),9pm,$22-26,21+,,https://www.facebook.com/events/1463952573693172/,,43038.875
Mon: Oct 30,Monday Night Edutainment Feat. DJ Hybriid,"dancehall, hip-hop, trap, reggae",Hopmonk Tavern - Sebastopol,10pm,$5 b4 10:30/$10,21+,The WBLK Dancehall Massive,http://ticketf.ly/2xezXx1,https://www.facebook.com/events/127739931299528/,43038.91667
Tue: Oct 31,"Odesza: 2017 A Moment Apart Tour w/Sofi Tukker, Kasbo, Illenium","synthpop, future beats, trap",Papa Murphy's Park (Sacramento),6pm,$36-46,,,https://www1.ticketmaster.com/event/1C0052F2B0E55217,,43039.75
Tue: Oct 31,Claptone the Masquerade,"deep house, techno",Halcyon (San Francisco),8pm,$50-80,21+,Halcyon and DJ Mag Sessions,http://ticketf.ly/2tFN60f,https://www.facebook.com/events/1209594582501843/,43039.83333
Tue: Oct 31,My Life w/ The Thrill Kill Kult - Halloween Bash,industrial rock,Brick & Mortar Music Hall (San Francisco),8pm,$20 ,18+,Sean Healy,http://www.ticketweb.com/fb/7532005/shealy,https://www.facebook.com/events/1424249654324871/,43039.83333
Tue: Oct 31,"O.S Halloween // Club Chai // Neotenomie & Deathsauce w/Marcelline, Jasmine Infiniti, 8ulentina, Foozool","hip-hop, future beats, experimental, club music",Oakland.Secret,8pm-1am,$5-10 donation,,Club Chai,https://www.facebook.com/events/1736657183302221/,,43039.83333
Tue: Oct 31,"Soundpieces Zombie Prom Halloween w/Truth, Mimosa, Tigerfresh, Bogl w/Spekt1, Sikkie, Wolfbitch, Joe Mousepad, Meow, Venus Tour Bus","bass music, trap, hip-hop, dubstep, club music",Monarch (San Francisco),8pm-3am,$15 ,21+,Soundpieces,https://tier1zombieprom2017.eventbrite.com/,https://www.facebook.com/events/180902715787241/,43039.83333
Tue: Oct 31,"Beetlejuice! On Halloween Night 2017 - Mars / Joyzu / Denise / Brian Brotano / Atom ONE / The Cenobites / JBird / Bfunky / Ld Bdk, Elevener / Gamma / Nick Nyquil / Bass buddha / Anthony Sceam / Drmwvr / DJ Ryan Avery / Elbereth / Big Chocolate / John Beaver/ Clover Beats","house, trance, electro house, dubstep, trap, bass music","2600 Watt Ave, Sacramento",8pm-4am,,18+,Lite Brite Productions,https://www.facebook.com/events/1766098190357464/,,43039.83333
Tue: Oct 31,"Paranoid London (Live) w/Solar, Mossmoss","techno, tech house, deep house",The Independent (San Francisco),8:30pm,$16 pre/$20,21+,As You Like It,http://ticketf.ly/2twKcsi,https://www.facebook.com/events/462660820780266/,43039.85417
Tue: Oct 31,"Tutu Tuesday and You're Welcome: Halloween: Patricio, Zach Walker, Shane One, Ramona Wouteres, Benjamin K",deep house,Monarch (San Francisco),9pm,$10 ,21+,,http://ticketf.ly/2xEKT7p,https://www.facebook.com/events/354218785015544/,43039.875
Tue: Oct 31,Electro Fright Rocks - Halloween Night,"electro house, dubstep, trap, pop EDM",715 Harrison St (San Francisco),9pm-2am,Free w/RSVP/$10+,18+,EPR,http://eprlife.com/product/2017-10-31-electro-fright-rocks/,https://www.facebook.com/events/123114525072349/,43039.875
Tue: Oct 31,Ephwurd Halloween,"electro house, trap",Mezzanine (San Francisco),9pm-2am,$25-30,21+,Mezzanine,https://www.eventbrite.com/e/ephwurd-halloween-at-mezzanine-tickets-38127664872,,43039.875
Tue: Oct 31,Good4u Halloween w/ Jimmy B & Woo,"house, techno, disco",Madrone Art Bar (San Francisco),9pm-2am,Free,21+,Good4u,https://www.facebook.com/events/143665349582864/,,43039.875
Tue: Oct 31,"Halloween Night W. Esseks, Partywave, Rhythmstar & Sharu","trap, hip-hop, bass music",Haven Underground (Nevada City),9pm-2am,$15 ,,Partywave,https://www.theticketfairy.com/event/halloween-night-w-esseks-partywave-rhythmstar-and-sharu-31oct2017/,https://www.facebook.com/events/1201112266689104/,43039.875
Tue: Oct 31,All Hallow's Eve,"new wave, goth, industrial, 80s",DNA Lounge (San Francisco),9pm-3am,$13-20 pre/$30,18+,Hubba Hubba Revue,https://www.dnalounge.com/calendar/2017/10-31.html,https://www.facebook.com/events/486778165040307/,43039.875
Tue: Oct 31,The Mad Hatter's Ball Feat Trippy Turtle Madeintyo 24Hrs,"club music, jersey club, hip-hop",1015 Folsom (San Francisco),9pm-3am,$20-30,21+,Trippy Turtle,https://www.eventbrite.com/e/trippy-turtle-madeintyo-24hrs-more-the-mad-hatters-ball-at-1015-folsom-tickets-35713608364?aff=efbeventtix,https://www.facebook.com/events/144491342802296/,43039.875
Tue: Oct 31,Dash Berlin,"big room, progressive house, trance",Pure Nightclub (Sunnyvale),9:30pm-1:30am,$25+,21+,Midnite Events + Pure Nightclub,https://www.eventbrite.com/e/dash-berlin-halloween-night-21-tickets-38414844835,https://www.facebook.com/events/121948628477688/,43039.89583
Tue: Oct 31,"Kolsch - Techno Halloween w/Ali Khalili b2b Papa Lu, Rachel Torro, Chuwee","tech house, techno",Audio SF,9:30pm-2am,$10 ,21+,Audio San Francisco,https://www.eventbrite.com/e/kolsch-techno-halloween-tickets-37042174140,,43039.89583
Tue: Oct 31,Helter Shelter 2017 - Halloween Night!,"drum and bass, jungle",Underground (San Francisco),10pm-1:50am,Free,21+,Shelter SF,https://www.facebook.com/events/344284869367860/,,43039.91667
Wed: Nov 1,Wormhole: All Holes' Day feat. Yheti / Sayer/ DMVU/ Baba Yaga / Krakinov,"glitch-hop, bass music, experimental",The New Parish (Oakland),9pm-2am,$5-35,21+,Wormhole Entertainment,http://www.ticketweb.com/t3/sale/SaleEventDetail,https://www.facebook.com/events/263301607495671/,43040.875
Thu: Nov 2,Dia De Los Muertos - Happy Hour Gathering & w/ Bezier & Josette,"electro, techno, synthpop",Gray Area (San Francisco),5pm-10pm,Free,21+,Gray Area,https://diadelosmuertos-grayarea.eventbrite.com/,https://www.facebook.com/events/121592301885900/,43041.70833
Thu: Nov 2,King Britt Presents Fhloston Paradigm,"hip-hop, breaks",Envelop At The Midway (San Francisco),7pm,$40 ,21+,"Spatial Audio Performance, King Britt",https://www.ticketfly.com/purchase/event/1570741,https://www.facebook.com/events/1667175296690473/,43041.79167
Thu: Nov 2,The Russ Liquid Test w/Defunk,"hip-hop, funk, electro house",The Independent (San Francisco),8:30pm,$18 pre/$20,21+,,http://www.ticketfly.com/purchase/event/1521345?utm_medium=946393,,43041.85417
Thu: Nov 2,Open Soul (Vinyl Dance Party),"boogie, funk, disco, soul, house, latin",Starline Social Club (Oakland),9pm-2am,Free,21+,Late Feelings,https://www.facebook.com/events/2255182901374613/,,43041.875
Thu: Nov 2,Re:Fresh Thursdays w/ Yheti & DMVU,"dubstep, glitch-hop, bass music",Haven Underground (Nevada City),9pm-2am,$10 ,,Euphonic Conceptions,http://bit.ly/2fe76iO,https://www.facebook.com/events/353552625066217/,43041.875
Thu: Nov 2,"5Lowershop Day Of The Dead: Montaux, Abandoned Footwear, Theorna Seraphine, Aneurysm, Pink Abudction Ray, Beast Nest, Spellfish, Bloody Snowman, Heartwor, Type-B, Counter Vulture, Hakuin, Onslaught Ocelot","experimental, techno, ambient, downtempo",F8 1192 Folsom (San Francisco),9pm-3am,$10 ,21+,5lowershop,https://www.facebook.com/events/121077425246313/,,43041.875
Thu: Nov 2-Mon: Nov 6,4 Day West Coast Women's Darkwave Festival 2017,"darkwave, synthpop",The Hanging Garden (Oakland),Thu: 9pm-Mon: 1:45am,,,The Hanging Garden,https://www.facebook.com/events/1808084342835252/,,43041.875
Thu: Nov 2,"Ambidisco - Andy Kershaw, Sinead, Black Hole","disco, italo, house, techno",Underground (San Francisco),10pm-2am,Free,21+,Cosmic Disco,http://www.residentadvisor.net/events/1026313,,43041.91667
Thu: Nov 2,Dash Berlin,"big room, progressive house, trance",The Park Ultra Lounge (Sacramento),10pm-2am,$16+,21+,Midnite Events,https://www.eventbrite.com/e/dash-berlin-in-sacramento-21-tickets-38553327039,https://www.facebook.com/events/120710541961779/,43041.91667
Fri: Nov 3,"All Souls: Charlie Glitch, Freddie Fiers, ArchieXX","hip-hop, latin dance, club music, house, techno",The Lot (Oakland),6pm-10:30pm,$10-$20,21+,,http://www.residentadvisor.net/events/1024979,,43042.75
Fri: Nov 3,Airbnbeats Release Party: TRKRNR (live),"future beats, hip-hop",SoleSpace (Oakland),6pm-11pm,,,TRKRNR,https://www.facebook.com/events/1378362648936351/,,43042.75
Fri: Nov 3,Bounce X Trash CVLT,"club music, experimental, techno, trap, hip-hop","Feral (420 14th St, Oakland)",9pm,TBA,21+,Trash CVLT,https://www.facebook.com/events/140873169862166/,,43042.875
Fri: Nov 3,"Henry Wu, Bembe Segue, Daz-I-Kue","funk, house",The New Parish (Oakland),9pm,$10-15,21+,,http://www.ticketweb.com/event/henry-wu-bembe-segue-daz-the-new-parish-tickets/7746145?REFERRAL_ID=twfb,https://www.facebook.com/events/1995238264042442/,43042.875
Fri: Nov 3,"Svdden Death, Yakz, Helicopter Showdown, Brikz, Iwin, Nuckez",dubstep,DNA Lounge (San Francisco),9pm-2am,$20 pre/$25,18+,"Olympus Events, Immortal",https://www.dnalounge.com/calendar/2017/11-03d.html,https://www.facebook.com/events/1720695068238401/,43042.875
Fri: Nov 3,"Vague Terrain 07 w/ Secret Circuit (Live), YNV, Elexos Park, DJ CZ","techno, leftfield, experimental",Underground (San Francisco),9pm-2am,$5 b4 11/$10,,Vague Terrain,https://www.facebook.com/events/1505378286198358/,,43042.875
Fri: Nov 3,Kaskade Redux Tour,"progressive house, big room house",The Park Ultra Lounge (Sacramento),9pm-3am,$40+,21+,Midnite Events,https://www.eventbrite.com/e/kaskade-in-sacramento-21-redux-tour-tickets-37972800669,https://www.facebook.com/events/1443254659057197/,43042.875
Fri: Nov 3,Simon Patterson: Open Up San Francisco,"trance, tech trance",The Great Northern (San Francisco),9pm-4am,$15-32.64,21+,TranceFamily SF,http://openupsf.eventbrite.com/,https://www.facebook.com/events/1668634283178807/,43042.875
Fri: Nov 3,"Adriatique, Priku, R. Fentz, Highkin', Louiv","deep house, tech house, techno",Public Works (San Francisco),9:30pm,$15-25,21+,In:Sight & Public Works,http://ticketf.ly/2wJUPc4,https://www.facebook.com/events/172046103353760/,43042.89583
Fri: Nov 3,"Back To Base w/ Nic Fanciulli, Rooz",tech house,Audio San Francisco,9:30pm-2am,$10-15,21+,Audio San Francisco,https://audiosf.com/event/back-to-base-11-03/,https://www.facebook.com/events/171958606691411/,43042.89583
Fri: Nov 3,Kerri Chandler- DJ Kicks Tour,deep house,Halcyon (San Francisco),10pm,$20-35,21+,,http://www.ticketfly.com/purchase/event/1563420?utm_medium=946393,,43042.91667
Fri: Nov 3,"Del Tha Funky Homosapien, DJ Tyler, DJ D'Vinity",hip-hop,Humboldt Brews (Arcata),10pm-1:30am,$20 pre/$25,21+,Booty Shakin Music,https://www.facebook.com/events/1653145318064174/,,43042.91667
Fri: Nov 3,Markus Schulz,"progressive house, trance",Pure Night Club (Sunnyvale),10pm-2am,$15-25,21+,Pure Night Club,http://purenightclub408.com/event/markus-schulz-11-03-17/,https://www.facebook.com/events/238174636707744/,43042.91667
Fri: Nov 3,Symmetry 24 - Erik Love & Still Rob G,"house, disco, funk, soul",Monarch (San Francisco),10pm-2am,$0 ,21+,,http://ticketf.ly/2xOHG1D,https://www.facebook.com/events/572467393144726/,43042.91667
Fri: Nov 3,Wolfgang Gartner,electro house,Temple Nightclub (San Francisco),10pm-2am,$20 ,21+,Temple SF,https://www.facebook.com/events/122524425114188/,,43042.91667
Fri: Nov 3,Sam Gellaitry,"hip-hop, future beats",1015 Folsom (San Francisco),10pm-3am,$17.50 ,21+,1015 Folsom,http://SamG1015-fbe.eventbrite.com/,https://www.facebook.com/events/129397517804494/,43042.91667
Fri: Nov 3,Brouhaha w/ Kornel Kovacs & DJ Seinfeld,"house, techno",F8 1192 Folsom (San Francisco),10pm-4am,,21+,Brouhaha,https://www.facebook.com/events/504457486571271/,,43042.91667
Fri: Nov 3,Melvv,"pop EDM, synthpop",Rickshaw Stop (San Francisco),11:30pm-2am,$10 ,18+,Popscene,https://www.eventbrite.com/e/melvv-at-popscene-afterparty-tickets-36663794396,,43042.97917
Sat: Nov 4,Stafford Brothers,"electro house, progressive house, big room",Temple Nightclub (San Francisco),1pm-4pm,Free b4 12/$20,21+,Temple Nightclub,https://www.eventbrite.com/e/stafford-brothers-tickets-38672706105?aff=efbeventtix,https://www.facebook.com/events/2071297653098398/,43043.54167
Sat: Nov 4,"Midterm Movement: DJ Shoebox, Symonne, 1ACCORD, Big (b)Ang, MANICS","tech house, progressive house, deep house",El Rio (San Francisco),2pm-8pm,$10+,21+,"Symonne, The Groovement",http://www.residentadvisor.net/events/1024634,,43043.58333
Sat: Nov 4,Luminary(Expanded) Art.Tech.Music: Machinedrum,"experimental, techno, house",The Midway (San Francisco),7pm-2am,$29.50+,21+,"The Midway SF, Future Fires",http://www.themidwaysf.com/event/1568167,https://www.facebook.com/events/335655323513153/,43043.79167
Sat: Nov 4,HeartBeats Benefit Concert w/Elephante,"trap, electro house, big room house","San Francisco State Annex 1 (1 North State Drive, San Francisco)",7:30PM-11PM,$20-40,All ages,SFSUAKSPI,https://www.eventbrite.com/e/heartbeats-benefit-concert-tickets-37436189651,,43043.8125
Sat: Nov 4,Jacob Banks w/Vera Blue,"synthpop, electropop, R&B",The Independent (San Francisco),8:30pm,$15 pre/$18,21+,,http://ticketf.ly/2uMgvnp,https://www.facebook.com/events/1648362348509289/,43043.85417
Sat: Nov 4,SNBRN,"deep house, disco house",Mezzanine (San Francisco),9pm,$22-25,21+,,http://www.ticketmaster.com/event/1C005312A7F97575,,43043.875
Sat: Nov 4,"AbunDANCE w/Forest Green, Marjo Lak, Joe-E",house,Stone Junction Bar (Garberville),9pm-1am,$5 ,21+,Fraktal Productions,https://www.facebook.com/events/1699639653388697/,,43043.875
Sat: Nov 4,"Love Kept Me 2017 w/ David Harness, Mar Stevens, Dedan, Brian Salazar, DJ Theo",deep house,BRIX 581 (Oakland),9pm-2am,$5 b4 11/$10,21+,Theoretical Soul Recordings,http://www.madusoul.com/,https://www.facebook.com/events/123045021680998/,43043.875
Sat: Nov 4,Non Stop Bhangra #137 - Last One Of 2017,bhangra,Public Works (San Francisco),9pm-2am,$15 ,21+,Non Stop Bhangra,http://nsb137.eventbrite.com/,https://www.facebook.com/events/140992616539708/,43043.875
Sat: Nov 4,"Phase Fatale, Hyperactive, Etcher/Engraver","techno, tech house, industrial, EBM",Gray Area Foundation For The Arts (San Francisco),9pm-2am,$10-15,21+,Robot Ears,https://www.residentadvisor.net/events/1024027,https://www.facebook.com/events/326128097796938/,43043.875
Sat: Nov 4,"November House Of Bass: Ney X Miss Mak, Tronic","bass house, deep house",The Public Works (San Francisco),9pm-3am,Free w/RSVP/$5,21+,Zero Fucks,https://www.eventbrite.com/e/zero-fucks-november-house-of-bass-ney-miss-mak-tronic-tickets-38999525631?aff=efbeventtix,https://www.facebook.com/events/1319988851462935/,43043.875
Sat: Nov 4,"On&On feat. Satori (Live), Sabo, Benjamin K","tech house, deep house",The Great Northern (San Francisco),9:30pm-3am,$10 ,21+,On&On,https://www.residentadvisor.net/events/987549,https://www.facebook.com/events/474447499607218/,43043.89583
Sat: Nov 4,"Gari Safari: Anabel Englund, Human Life, Matt Ossentjuk, Mont Black ","deep house, tech house",Audio San Francisco,9:39pm-2am,$10 pre,21+,Matt Ossentjuk,https://www.eventbrite.com/e/gari-safari-tickets-37258182226?id=,https://www.facebook.com/events/206648023202336/,43043.90208
Sat: Nov 4,"So Tough! - Exillon (Live), Teeyam, One A","deep house, tech house, techno",Underground (San Francisco),10pm-1:59am,Free w/RSVP b4 11pm/$5,21+,Gehno Sanchez Aviance,https://www.facebook.com/events/311620729312791/,,43043.91667
Sat: Nov 4,David Hohme,"deep house, progressive house",Monarch (San Francisco),10pm-4am,$5 b4 11/$10-20,21+,SET SF,https://www.eventbrite.com/e/david-hohme-anjunadeep-at-monarch-tickets-39046084891,,43043.91667
Sat: Nov 4,Skream (Open To Close),house,Halcyon (San Francisco),10pm-4am,$10-25,21+,,http://www.ticketfly.com/purchase/event/1564225?utm_medium=946393,,43043.91667
Sun: Nov 5,"Avant Garde w/Mike Bledsoe, Leeza, Jswizza, Jamel Lee, Nathan Cochran","hip-hop, downtempo",Muka (San Francisco),2pm-10pm,,21+,,https://www.facebook.com/events/122116321786344/,,43044.58333
Sun: Nov 5,"Byrell The Great, DavOmakesbeats - Swagger Like Us Season Closing Party","hip-hop, trap, club music",El Rio (San Francisco),2pm-8pm,$10 ,21+,Swagger Like Us,https://www.facebook.com/events/734932020042505/,,43044.58333
Sun: Nov 5,"Permission To Land: Yokoo (Adid), Rachel Torro & Peter Blick","deep house, techno, tech house",The Midway (San Francisco),2pm-9pm,$15-18,21+,The Midway & Below Radar Present:,http://www.ticketfly.com/purchase/event/1578645?utm_medium=946393,,43044.58333
Sun: Nov 5,Mike Milosh and Superposition: Overlap Sunight X Secular Sabbath,"techno, electro",Envelop At The Midway (San Francisco),8pm-11pm,$40 ,21+,Overlap,https://www.ticketfly.com/purchase/event/1570622,https://www.facebook.com/events/1480079475381236/,43044.83333
Tue: Nov 7,"The Floozies w/The Funk Hunters, Maddy O'Neal","funk, synthpop, electropop",Harlow's Restaurant And Nightclub (Sacramento),7pm,$18 pre/$20,21+,,http://www.ticketfly.com/purchase/event/1527620?utm_medium=946393,,43046.79167
Wed: Nov 8,Blanck Mass,"synthpop, future bass, downtempo",Swedish American Hall (San Francisco),8pm,$13-15,21+,Noise Pop,http://www.ticketfly.com/purchase/event/1518405,https://www.facebook.com/events/1896109577309890/,43047.83333
Wed: Nov 8,Mr. Carmack (Live),"trap, dubstep, hip-hop",Rickshaw Stop (San Francisco),8:30pm,$19.30 ,18+,Goldenvoice,https://www.axs.com/events/341640/mr-carmack-live-ticket,,43047.85417
Wed: Nov 8,"Wormhole Wednesday: Plastician, Onhell, Poppa Doses, 2Birds","dubstep, trap, hip-hop, bass music, garage",The New Parish (Oakland),9pm,$5-10,21+,,https://www.ticketweb.com/t3/sale/SaleEventDetail?dispatch=loadSelectionData&eventId=7783015,,43047.875
Wed: Nov 8,"Housepitality: Eric Cloutier, DJ Clairity, Joel Conway",,F8 1192 Folsom (San Francisco),9pm-2am,$5 pre,21+,Housepitality,https://www.residentadvisor.net/events/1025087,https://www.facebook.com/events/283709625479050/,43047.875
Wed: Nov 8,"Labor Of Love: DJ Beebo, Rob Monroy, Consciousness","deep house, funky house",The Blue Lagoon (Santa Cruz),10pm-10am,Free,21+,Labor Of Love,https://www.facebook.com/events/116066799051385/,,43047.91667
Thu: Nov 9,Goin+ Home: The Gay Porn Soundtracks Of Patrick Cowley,"disco, synthpop, hi-NRG",CounterPulse (San Francisco),7pm-11pm,$5-20,,Honey Soundsystem,http://counterpulse.org/event/gay-porn-soundtracks-patrick-cowley/,https://www.facebook.com/events/172640033308472/,43048.79167
Thu: Nov 9,"Take Back Nov. 9: Dance + #Resist w/8Ball, Dersu, Oontz Pouch","disco, funk, electro house",The Public Works (San Francisco),7pm-2am,$10 pre/$15-20,21+,,https://www.facebook.com/events/692320794290178/,,43048.79167
Thu: Nov 9,"Shigeto / Ela Minus, DJ Dials","hip-hop, leftfield",Rickshaw Stop (San Francisco),8pm,$15 ,18+,Rickshaw Stop & DJ Dials,http://ticketf.ly/2taZWzT,https://www.facebook.com/events/477184395978983/,43048.83333
Thu: Nov 9,"Re:Fresh Thursdays w/ Nastynasty, Proko & Chee","bass music, trap, glitch",Haven Underground (Nevada City),9pm-2am,$10 ,21+,Euphonic Conceptions,https://www.theticketfairy.com/event/re-fresh-thursays-w-nastynasty-proko-and-chee-9nov2017/,https://www.facebook.com/events/639858016402493/,43048.875
Thu: Nov 9,Atish,"techno, tech house, progressive house",The Great Northern (San Francisco),9:30pm,$7-15,21+,You're Welcome,http://ticketf.ly/2xReHMt,https://www.facebook.com/events/179326015966703/,43048.89583
Thu: Nov 9,DJ Mag Sessions: Joris Voorn,"tech house, techno",Halcyon (San Francisco),10pm,$20-30,21+,DJ Mag,http://ticketf.ly/2xkG6Yp,https://www.facebook.com/events/170263296855100/,43048.91667
Thu: Nov 9,Kill Frenzy,"tech house, bassline house",District 30 (Sacramento),10pm-2am,Free w/RSVP b4 11pm/$10,21+,"Requiem Events, District 30",https://www.eventbrite.com/e/kill-frenzy-in-sacramento-free-21-tickets-37826816025,https://www.facebook.com/events/1420108231371022/,43048.91667
Fri: Nov 10,Simon Shackleton : The Final One Series,"tech house, deep house, techno",The Public Works (San Francisco),7pm-4am,$16 ,21+,Simon Shackleton Music,https://www.eventbrite.co.uk/e/simon-shackleton-the-final-one-series-san-francisco-sfo022-tickets-35344422118,https://www.facebook.com/events/747001568812483/,43049.79167
Fri: Nov 10,Satori Celebrates The Women Of New Wave,new wave,Club Satori (San Jose),8pm-1:30am,$5 ,21+,Club Satori,https://www.facebook.com/events/117001568970134/,,43049.83333
Fri: Nov 10,Timeflies,"synthpop, hip-hop",Slim's (San Francisco),8pm-11:59pm,$27-51.95,All ages,Slim's,http://www.eventbrite.com/e/34373034672,,43049.83333
Fri: Nov 10,"Castle In The Sky 2017 Tour: Gryffin, Autograf (DJ Set), Ayokay",synthpop,The Warfield (San Francisco),9pm,$25-35,18+,Goldenvoice,https://www.axs.com/events/339688/gryffin-ticket,,43049.875
Fri: Nov 10,"Wow! Cool! Tour: Ookay, Fox Stevenson","big room, electro house, trap",The Regency Ballroom (San Francisco),9pm,$25 ,18+,Goldenvoice,http://axs.com/events/342178/ookay-tickets,https://www.facebook.com/events/170961620138374/,43049.875
Fri: Nov 10,"Kacy Hill, DJ Aaron Axelsen","trip-hop, downtempo",Rickshaw Stop (San Francisco),9pm-1:30am,$14 ,18+,Popscene,https://www.eventbrite.com/e/kacy-hill-live-at-popscene-tickets-38636277145?aff=efbeventtix,https://www.facebook.com/events/127543537994784/,43049.875
Fri: Nov 10,Escort (Live) & Psychemagik,"funky house, downtempo, funk",Mezzanine (San Francisco),9pm-2am,$20-22.50,21+,"SanFranDisco, Mezzanine",https://www.ticketfly.com/purchase/event/1563859,https://www.facebook.com/events/344056919371857/,43049.875
Fri: Nov 10,Fieldtrip: The World Is A Club,various,Harlot San Francisco,9pm-2am,,21+,Fieldtrip,https://www.facebook.com/events/1481829468783334/,,43049.875
Fri: Nov 10,Autograf (DJ set),"deep house, disco house, funky house",Love + Propaganda (San Francisco),9:30pm-2am,$19-23.80,21+,Love + Propaganda,https://loveandpropaganda.com/event/autograf-11-10/,https://www.facebook.com/events/281117032380977/,43049.89583
Fri: Nov 10,"Planet Diskotek w/ Jamie Jones, Papa Lu",tech house,Audio San Francisco,9:30pm-3am,$20-30,21+,,https://www.eventbrite.com/e/planet-diskotek-w-jamie-jones-tickets-38598936458?id=,https://www.facebook.com/events/126185851464137/,43049.89583
Fri: Nov 10,4B,"trap, dubstep",Pure Night Club (Sunnyvale),10pm-2am,$25 ,21+,Pure Night Club,http://purenightclub408.com/event/4b-11-10-17/,https://www.facebook.com/events/1957073781221914/,43049.91667
Fri: Nov 10,Crossroads: Tobtok,"house, nu-disco",Bergerac San Francisco,10pm-2am,Free w/RSVP,21+,Crossroads,https://www.facebook.com/events/1731629840475589/,,43049.91667
Fri: Nov 10,"Surface Tension 4-Year: DJRUM, , Bergsonist, E-Saggila, Justin Anastasi, DJ CZ, Nihar Bhatt, Jason P.","techno, leftfield, experimental",F8 1192 Folsom (SF),10pm-4am,$15-19,21+,Surface Tension,https://www.residentadvisor.net/events/1024695,https://www.facebook.com/events/1432033743512979/,43049.91667
Fri: Nov 10,Umek,"techno, tech house",Halcyon SF,10pm-4am,$10-20,21+,,http://www.ticketfly.com/purchase/event/1543020,https://www.facebook.com/events/508965669446433/,43049.91667
Sat: Nov 11,SF Dayclub w/ Fred Falke,"disco house, electro house, tech house",Bergerac San Francisco,1pm-6pm,$10-25,21+,Bergerac San Francisco,https://www.eventbrite.com/e/sf-dayclub-featuring-fred-falke-brunch-music-party-tickets-38828312528,https://www.facebook.com/events/532864323722139/,43050.54167
Sat: Nov 11,"Scorpi-Oh: [trev], lil' chris, O'Henry, Seven, Raydeus, Rizen, CaseyDC, Funkminsta, Alcazar, FooF","house, disco, funk",Natoma Cabana (San Francisco),2pm-2am,Free b4 5/$20,21+,STiRTy,http://www.residentadvisor.net/events/1026294,,43050.58333
Sat: Nov 11,"Rare Norcal 2017: Adventure Club, Baauer, Carnage, Meek Mill, Gammer, Ray Volpe","trap, pop EDM, dubstep, electro house, hardcore",Concord Pavilion,3:30pm-11pm,$39 ,18+,Insomniac Events,https://insomniac.frontgatetickets.com/event/b6h420h51zzvqc27,https://www.facebook.com/events/584424301888600/,43050.64583
Sat: Nov 11,Honey Soundsystem 10 Year Anniversary Rave,dance,The Public Works (San Francisco),6pm-4am,,21+,Honey Soundsystem,https://www.residentadvisor.net/event.aspx?997636,https://www.facebook.com/events/1775715069393422/,43050.75
Sat: Nov 11,"Hotel Garuda, Daktyl, Saint Wknd, Kidswaste, Geotheory","house, breaks, hip-hop",The Regency Ballroom (San Francisco),7pm,$20-25,18+,Hotel Garuda,http://axs.com/events/343031/hotel-garuda-tickets,https://www.facebook.com/events/1925971040974213/,43050.79167
Sat: Nov 11,Synchronicity w/Lady Redd,TBA,Downtown Ale House (Red Bluff),8pm-1:30am,,21+,1200 Hustle and Lady Redd,https://www.facebook.com/events/282648915559730/,,43050.83333
Sat: Nov 11,Bring Down The Walls w/Mr. V,funky house,The Continental Lounge And Patio,9pm-2am,$10 ,21+,,http://www.residentadvisor.net/events/1020519,,43050.875
Sat: Nov 11,Motion: Paris Blohm,"pop EDM, electro house, progressive house",VERSO (San Francisco),9pm-2am,$15-20,21+,Motion,https://www.eventbrite.com/e/motion-presents-paris-blohm-at-verso-sf-tickets-38707934474,,43050.875
Sat: Nov 11,Mija,"house, trap, dubstep, future bass, drum and bass",Audio San Francisco,9:30pm-2am,$16-24.68,21+,Audio San Francisco,https://www.eventbrite.com/e/mija-tickets-37437861652,https://www.facebook.com/events/167700250471215/,43050.89583
Sat: Nov 11,Amine Edge & Dance w/Andy Ponce,"deep house, progressive house, bassline house",Halcyon (San Francisco),10pm,$5-20,21+,,http://www.ticketfly.com/purchase/event/1575836?utm_medium=946393,,43050.91667
Sat: Nov 11,"Liquid Stranger, Manic Focus, & Marvel Years","dubstep, downtempo, bass music",Humboldt Brews (Arcata),10pm-1:30am,$15 ,21+,Booty Shakin' Music Productions,https://www.facebook.com/events/105957233479903/,,43050.91667
Sat: Nov 11,Chuckie,"big room house, electro house, trap, moombahton",Temple Nightclub (San Francisco),10pm-2am,$20 ,21+,Temple SF,https://www.facebook.com/events/143805193025104/,,43050.91667
Sat: Nov 11,The Floozies,"funk, synthpop, electropop",1015 Folsom (San Francisco),10pm-3am,$18 ,21+,1015 Folsom,https://www.eventbrite.com/e/the-floozies-at-1015-folsom-tickets-36233825347,,43050.91667
Sat: Nov 11,"Alien Worlds: DJ Please, Sycamore, Rufkraft, M-27, Scribz, Tony Manfre, Nobel Filth","jungle, hardcore, breaks, hip-hop, turntablism",TBA (Bay Area),10pm-5am,,,Storytime Crew X Nice Ones,https://www.facebook.com/events/352852881827774/,,43050.91667
Sat: Nov 11,Tropitaal: A Desi Latino Soundclash!,"world music, latin dance",Starline Social Club (Oakland),11pm-2am,$7-12,,Matatu Festival,https://www.eventbrite.com/e/tropitaal-a-desi-latino-soundclash-tickets-38132807253,https://www.facebook.com/events/153993951857669/,43050.95833
Sun: Nov 12,Walshy Fire (Major Lazer),"dubstep, bass music, pop EDM",Phoenix Hotel (San Francisco),12pm-6pm,$15-25,21+,Dj Dials + 15Utah Present,https://www.eventbrite.com/e/walshy-fire-major-lazer-rum-set-poolside-postponed-to-1112-tickets-35775138402,,43051.5
Sun: Nov 12,"Liquid Stranger & Manic Focus w/Marvel Years, Secret Recipe Music","dubstep, downtempo, bass music",Cornerstone (Berkeley),7:30pm,$21-24,,Cornerstone 'Hypercolor Tour',http://www.ticketfly.com/purchase/event/1547608?utm_medium=946393,,43051.8125
Sun: Nov 12,Cut Copy,"synthpop, indie dance",Fox Theater - Oakland,8pm,$39.50 ,,,http://www.ticketmaster.com/event/1C005304F38FAC36,,43051.83333
Sun: Nov 12,"Revolting Cocks: Big Sexy Land w/Front Line Assembly, Revolting Cocks, Cubanate",electro industrial,Mezzanine (San Francisco),8pm-2am,$30 ,21+,Bodyshock,https://www.facebook.com/events/479918595688463/,,43051.83333
Tue: Nov 14,Gryffin,synthpop,Ace Of Spades (Sacramento),7pm-11:30pm,$18 pre,All ages,Ace Of Spades,https://www.eventbrite.com/e/gryffin-ace-of-spades-tickets-36519698401,,43053.79167
Tue: Nov 14,LCD Soundsystem,electronic rock,Bill Graham Civic Auditorium (San Francisco),7pm-1am,$66.25 ,18+,,http://www.ticketmaster.com/lcd-soundsystem-san-francisco-california-11-14-2017/event/1C0052C9D2E36E2F,,43053.79167
Tue: Nov 14,"Purple Party Ft. Kozmo, Eyeseeu, Shockdashiva, Zephyr, Old gRiFF","bass music, dubstep, trap",Momo Sacromento,9pm-1:45am,$10 pre/$15,21+,Head On High Productions,https://www.eventbrite.com/e/purple-party-ft-kozmo-eyeseeu-pk-sound-system-and-local-acts-tickets-39000882690?aff=efbeventtix,https://www.facebook.com/events/423881024680255/,43053.875
Tue: Nov 14,"Rayreck. Mega_Lo, The Flaurist, Brogan Bentley","juke, club music, garage",Monarch (San Francisco),10pm-2am,,21+,Phntm Club X Soundpieces,https://www.facebook.com/events/865983266902930/,,43053.91667
Wed: Nov 15,LCD Soundsystem,electronic rock,Bill Graham Civic Auditorium (San Francisco),7:30pm,$66.25 ,,,http://www.ticketmaster.com/event/1C0052C9D2E76E33,https://www.facebook.com/events/657059904494113/,43054.8125
Wed: Nov 15,"Gost, Dance w/ The Dead, Vector Hold & Turbo Drive DJ's","synthwave, synthpop",DNA Lounge (San Francisco),8pm-1pm,$16 pre/$19,All ages,"Turbo Drive, Vector Hold",https://www.facebook.com/events/1979088862304153/,,43054.83333
Wed: Nov 15,"Housepitality: Eddie C, Koosh, Mike Bee",,F8 1192 Folsom (San Francisco),9pm-2am,$5 pre,21+,Housepitality,https://www.residentadvisor.net/events/1028373,https://www.facebook.com/events/2103712172987898/,43054.875
Thu: Nov 16,"Stylust Beats, Labrat, Chopsjunkie & DownSquareZ","bass music, trap, future beats, dubstep",Moe's Alley (Santa Cruz),8pm,$15 pre,21+,"Organic Events, Euphoric.Net",https://www.facebook.com/events/531335247225530/,,43055.83333
Thu: Nov 16,"Control SF: Trollphace, Ponicz & Pogman","drum and bass, jungle, dubstep, trap, bass music",DNA Lounge (San Francisco),9pm-1am,$10 ,18+,"Control SF, Vital",http://www.ticketfly.com/purchase/event/1572923?utm_medium=946393,,43055.875
Thu: Nov 16,"ABC Tour Ft. Angelz, Bijou, and Ciszak","disco house, synthpop",Audio San Francisco,9pm-2am,$10 ,21+,Audio San Francisco,https://www.eventbrite.com/e/abc-tour-ft-angelz-bijou-and-ciszak-tickets-37827974490,https://www.facebook.com/events/1503829776363064/,43055.875
Thu: Nov 16,Gareth Emery,"trance, progressive house",The Park Ultra Lounge (Sacramento),10pm-2am,$15-750,21+,Midnite Events,https://www.eventbrite.com/e/on-sale-922-10am-gareth-emery-in-sacramento-21-saving-light-tour-tickets-37958658369?aff=efbevent,https://www.facebook.com/events/361603590934900/,43055.91667
Thu: Nov 16,Habstrakt,"trap, dubstep",District 30 (Sacramento),10pm-2am,Free w/RSVP,21+,Requiem Events,https://www.eventbrite.com/e/habstrakt-in-sacramento-free-21-tickets-37103062258,https://www.facebook.com/events/809613262540348/,43055.91667
Fri: Nov 17,Deep House Yoga SF,"deep house, yoga",The Public Works (San Francisco),5pm-7pm,$30 ,21+,Deep House Yoga SF,https://e.sparxo.com/Deep-House-Yoga-SF-at-Public-Works-SF,https://www.facebook.com/events/1293533614108065/,43056.70833
Fri: Nov 17,Gavin Turek,"synthpop, R&B, downtempo",The New Parish (Oakland),9pm,$13.25 ,21+,,http://www.ticketweb.com/fb/7641385/newparish,https://www.facebook.com/events/339781189779526/,43056.875
Fri: Nov 17,Forest Swords US Tour 2017,"experimental, leftfield",The Chapel (San Francisco),9pm-11:59pm,TBA,,,http://www.residentadvisor.net/events/1019671,,43056.875
Fri: Nov 17,Rezz - Mass Manipulation w/orld Tour,"EBM, electro",The Warfield (San Francisco),9pm-11:59pm,$24-30,18+,Electric Mantis,http://axs.com/events/338563/rezz-tickets,https://www.facebook.com/events/130441380886474/,43056.875
Fri: Nov 17,Casey Alva,house,Lookout (San Francisco),9pm-2am,$5 donation,,Lookout,https://www.facebook.com/events/1168706916563572/,,43056.875
Fri: Nov 17,"The Tusk Ball - San Francisco w/Roxanne Roll, Smooth Sailing",various,The Public Works (San Francisco),9:30pm-2:30am,$20 ,21+,Fleetmac Wood,http://bit.ly/fmwtusksftix,https://www.facebook.com/events/315889182219854/,43056.89583
Fri: Nov 17,Dimond Saints,"future beats, future bass",Hopmonk Tavern Sebastopol (Sebastopol),10pm,$15-20,21+,,http://ticketf.ly/2xnfHtf,https://www.facebook.com/events/914015618763551/,43056.91667
Fri: Nov 17,GTA,"big room house, electro house, trap",Pure Night Club (Sunnyvale),10pm-2am,$15-25,21+,Pure Night Club,http://purenightclub408.com/event/gta-11-17-17/,https://www.facebook.com/events/381887905560942/,43056.91667
Fri: Nov 17,Hosh (Diynamic),"techno, tech house",Audio San Francisco,10pm-2am,$10-20,21+,The Kazbah,https://audiosf.com/event/kazbah-hosh-11-17/,https://www.facebook.com/events/1970903503122270/,43056.91667
Fri: Nov 17,Julian Jordan,big room house,Temple Nightclub (San Francisco),10pm-2am,Free b4 12/$15,21+,Temple SF,https://www.eventbrite.com/e/julian-jordan-tickets-38673422247?aff=efbeventtix,https://www.facebook.com/events/914087695425942/,43056.91667
Fri: Nov 17,Lights Down Low SF Feat. Jackmaster and Tiga w/Richie Panic,"tech house, deep house, funk, disco",The Great Northern (San Francisco),10pm-3am,$20 ,21+,Lights Down Low SF Featuring Jackmaster And Tiga,http://www.ticketfly.com/purchase/event/1573317?utm_medium=946393,,43056.91667
Sat: Nov 18,Christopher Willits - Horizon - Spatial Audio Performance,"deep house, downtempo, IDM",Envelop At The Midway (San Francisco),7pm,$40 ,21+,,https://www.ticketfly.com/purchase/event/1550283,https://www.facebook.com/events/1114639941999638/,43057.79167
Sat: Nov 18,"Horizon Tour - Seven Lions, Tritonal & Kill The Noise","electro house, dubstep",Bill Graham Civic Auditorium (San Francisco),7:30pm,$49.50+,18+,,http://www.ticketmaster.com/event/1C00530BA8E38034,,43057.8125
Sat: Nov 18,Getter,"dubstep, trap, breakbeats",The Regency Ballroom (San Francisco),9pm,$22.50 ,18+,Goldenvoice-SF,http://axs.com/events/341777/getter-tickets,https://www.facebook.com/events/128415654446985/,43057.875
Sat: Nov 18,"Phantoms, Pusher, Madnap","experimental, trap, future beats, synthpop",Slims (San Francisco),9pm,$15 ,All ages,Goldenvoice-SF,http://axs.com/events/341405/phantoms-tickets,https://www.facebook.com/events/475507952825914/,43057.875
Sat: Nov 18,"Lucky Rabbit's 30th: Atom One, Budzak, Freakshow, Keiji, Lucky Rabbit, Neonbunny, Pyroglyphix, S.P.H.E.R.E., Treekat","hardstyle, drum and bass, schranz, gabber, electro swing, house, happy hardcore",Lounge 3411 (Oakland),9pm-2am,Free,21+,Kriss Erickson,https://www.facebook.com/events/121841558520328/,,43057.875
Sat: Nov 18,Dimond Saints,"future beats, future bass",Arcata Theater Lounge (Arcata),9:30pm-1:30am,$15-25,18+,,https://tickets.vendini.com/ticket-software.html?t=tix&w=7487e69865aa764d38a358706e0c1571&vqitq=846f8f97-93e3-4c96-a83d-192a5b880cf5&vqitp=82d96aa9-9390-47ff-99f1-09998692e277&vqitts=1507050515&vqitc=vendini&vqite=itl&vqitrt=Safetynet&vqith=3ea2c8084028e9c059122c07299f07e6,,43057.89583
Sat: Nov 18,Mike Williams,"electro house, pop EDM",Temple Nightclub (San Francisco),10pm-2am,Free b4 12/$20,21+,Temple SF,https://www.eventbrite.com/e/mike-williams-tickets-38673479418?aff=efbeventtix,https://www.facebook.com/events/2030847537135038/,43057.91667
Sat: Nov 18,SET w/ Jeremy Olander,"house, techno",Audio San Francisco,10pm-4am,$10-33.18,21+,Set SF,https://www.eventbrite.com/e/set-with-jeremy-olander-at-audio-tickets-37868954061,,43057.91667
Sun: Nov 19,Phantoms,"experimental, trap, future beats, synthpop",Goldfield Trading Post (Sacramento),7pm-6am,$15 ,All ages,Goldfield Trading Post,https://www.eventbrite.com/e/phantoms-goldfield-trading-post-tickets-35728818859,,43058.79167
Mon: Nov 20,Illenium,"future bass, dubstep, trap",The Catalyst Club (Santa Cruz),8pm-12am,$27 ,18+,Illenium,https://www.facebook.com/events/1679883902036480/,,43059.83333
Tue: Nov 21,"South Bass: Buddy Edition w/The Physicist, Caidance, Sherlock Ohms, Groucho, Skulltrane, Carly D",bass music,Office Bar (Sunnyvale),3pm-1:30am,,,South Bass,https://www.facebook.com/events/863067853842349/,,43060.625
Tue: Nov 21,"Illenium, Said The Sky, Dabin","future bass, dubstep, trap",The Warfield (San Francisco),8pm,$39.50-50,18+,Illenium,http://axs.com/events/341883/illenium-tickets,https://www.facebook.com/events/1809946225982075/,43060.83333
Tue: Nov 21,The Too Real Tour: Giraffage w/ Sweater Beats + Wingtip,"synthpop, downtempo",The Fillmore (San Francisco),8pm,$36+,,,https://www.facebook.com/events/827095864131134/,,43060.83333
Wed: Nov 22,Illenium,"future bass, dubstep, trap",Bill Graham Civic Auditorium (San Francisco),7:30pm,$39+,18+,,http://www.ticketmaster.com/event/1C0052ED06669787,https://www.facebook.com/events/338728059881545/,43061.8125
Wed: Nov 22,Snails,"trap, dubstep",The Armory (San Francisco),8pm,$35+,18+,,https://www1.ticketmaster.com/event/1C005319B26E8B25,,43061.83333
Wed: Nov 22,Hot Chip: The Director's Cut DJ Set,"bassline house, deep house, funky house",Mezzanine (San Francisco),9pm-2am,$15-25.60,21+,Mezzanine,https://www.eventbrite.com/e/hot-chip-the-directors-cut-dj-set-at-mezzanine-tickets-36216019088,,43061.875
Wed: Nov 22-Sun: Nov 26,Give Thanks 2017,various,City National Civic (San Jose),Wed: 9pm-Sun: 2am,$109+,18+,Give Thanks,https://www.eventbrite.com/e/give-thanks-2017-tickets-on-sale-tuesday-sept-19th-10am-tickets-37771693151,https://www.facebook.com/events/1913116732345532/,43061.875
Wed: Nov 22,Brodinski,"electro, hip-hop",Halcyon SF,10pm-2am,$10-15,21+,,http://ticketf.ly/2wX8mwJ,https://www.facebook.com/events/339042493174594/,43061.91667
Wed: Nov 22,Kalya Scintilla + Jade Cicada,"glitch, downtempo, dubstep, tribal, bass music",1015 Folsom (San Francisco),10pm-2am,$18 ,21+,1015 Folsom,https://www.eventbrite.com/e/kalya-scintilla-jade-cicada-at-1015-folsom-tickets-37007507451,,43061.91667
Fri: Nov 24,Justin Jay,"deep house, progressive house, tech house",Great American Music Hall (San Francisco),9pm,$25 ,18+,Goldenvoice,https://www.axs.com/events/343646/justin-jay-tickets,,43063.875
Fri: Nov 24,Eli & Fur,house,Audio San Francisco,9:30pm-2am,$10 ,21+,Audio San Francisco,https://www.eventbrite.com/e/eli-fur-tickets-38165455906?id=,https://www.facebook.com/events/1909856362363983/,43063.89583
Fri: Nov 24,GTA,"big room house, electro house, trap",Temple Nightclub (San Francisco),10pm-2am,$20 pre,21+,Temple SF,https://www.eventbrite.com/e/gta-tickets-38673824450?aff=efbeventtix,https://www.facebook.com/events/136746023618704/,43063.91667
Fri: Nov 24,"DJ Deep, Exos, Muon, U-SRD","techno, tech house",F8 1192 Folsom (San Francisco),10pm-4am,$10-15,21+,"Robot Ears, Direct To Earth",http://www.residentadvisor.net/events/1024029,,43063.91667
Sat: Nov 25,"TY Fest: Datsik, Boombox Cartel, Say My Name, Riot Ten, Svdden Death B2B Yakz","dubstep, trap, big room",Sacramento Memorial Auditorium,8pm,$29 ,All ages,Vital Events,http://www.ticketfly.com/purchase/event/1560388?utm_medium=946393,,43064.83333
Sat: Nov 25,Mitis,dubstep,Social Hall SF,9pm-11:30pm,$10 ,21+,Social Hall SF,http://axs.com/events/343891/mitis-tickets,https://www.facebook.com/events/1961578567447932/,43064.875
Sat: Nov 25,Bring Down The Walls w/Mr. V,house,The Continental Lounge And Patio,9pm-2am,$10 ,21+,,http://www.residentadvisor.net/events/1020520,,43064.875
Sat: Nov 25,"As You Like It w/ Peggy Gou, Delano Smith, Mike Gushansky, DJ Patrick Lotilla","house, techno",The Great Northern (San Francisco),9pm-4am,$15 pre,21+,As You Like It,https://www.residentadvisor.net/events/1022551,https://www.facebook.com/events/212454795958781/,43064.875
Sat: Nov 25,"Kolombo, J. Remy, Glade Luco","deep house, tech house",Audio San Francisco,9:30pm-2am,$10 ,21+,Audio San Francisco,https://audiosf.com/event/kolombo-11-25/,https://www.facebook.com/events/717889851752453/,43064.89583
Sat: Nov 25,Robin Schulz,"house, synthpop",Temple Nightclub (San Francisco),10pm-3am,$20-30,21+,Temple SF,https://www.eventbrite.com/e/robin-schulz-tickets-38373329662?aff=efbeventtix,https://www.facebook.com/events/121217058535696/,43064.91667
Wed: Nov 29,Deorro,"electro house, big room house",The Catalyst Club (Santa Cruz),8pm,$25-35,18+,The Catalyst & Collective Effort Events,https://www.ticketfly.com/purchase/event/1558116,https://www.facebook.com/events/1961955470747047/,43068.83333
Thu: Nov 30,XXYYXX w/Chrome Sparks,"experimental, future beats, house",The UC Theatre Taube Family Music Hall (Berkeley),7pm,$30 ,,,http://www.ticketfly.com/purchase/event/1563569?utm_medium=946393,,43069.79167
Thu: Nov 30,Planet Booty w/Sun Hop Fat,electro-funk,The Independent (San Francisco),7:30pm,$15 pre/$18,21+,,http://ticketf.ly/2wVIqox,https://www.facebook.com/events/116257129091022/,43069.8125
Thu: Nov 30,Deorro: Existence Tour,"electro house, big room house",The Park Ultra Lounge (Sacramento),9pm-2am,$20+,21+,Midnite Events,https://www.eventbrite.com/e/de0rro-existence-tour-in-sacramento-21-tickets-37692694865?aff=efbevent,https://www.facebook.com/events/1900969470153898/,43069.875
Thu: Nov 30,BT,"progressive house, trance",Audio SF,9:30pm-2am,$10-15,21+,Audio San Francisco,https://www.eventbrite.com/e/bt-tickets-37510368522,,43069.89583
Thu: Nov 30,Bleep Bloop: The Fifth Pupil Tour,"trap, hip-hop, dubstep, bass music",District 30 (Sacramento),10pm-2am,Free w/RSVP,21+,Requiem Events,https://www.facebook.com/events/342523556204110/,,43069.91667
Thu: Nov 30,Lucas & Steve,house,Halcyon SF,10pm-2am,Free w/RSVP b4 11pm/$10,21+,Electric Stardust,http://ticketf.ly/2xRJHfn,https://www.facebook.com/events/1639094162801947/,43069.91667
Fri: Dec 1,"Deorro, Deckstar, Seminal, Crazyness, Pandafunk","electro house, big room house",The Warfield (San Francisco),8:30pm,$25.50-50,18+,Goldenvoice,http://axs.com/events/339550/deorro-tickets,https://www.facebook.com/events/128812427755148/,43070.85417
Fri: Dec 1,Hayden James,"progressive house, pop EDM",Mezzanine (San Francisco),9pm,$22 pre,21+,,http://www.ticketmaster.com/event/1C00530ABD2369EB,,43070.875
Fri: Dec 1,Laurel Halo,"experimental, ambient, synthpop",Gray Area Art + Technology (San Francisco),9pm-2am,$25 ,21+,Gray Area Art + Technology,https://www.facebook.com/events/673461566177716/,,43070.875
Fri: Dec 1,"As You Like It w/ Maya Jane Coles, Mike Servito, Mike Gushansky, David Siska, Trevor Sigler","deep house, tech house",The Public Works (San Francisco),9:30pm-3am,$20-25 pre,21+,As You Like It,https://www.residentadvisor.net/events/1022918,https://www.facebook.com/events/346170705843369/,43070.89583
Sat: Dec 2,Big Gigantic,funk,The Warfield (San Francisco),7:30pm,$27 ,18+,,http://www.ticketfly.com/purchase/event/1560511?utm_medium=946393,,43071.8125
Sat: Dec 2,"San Holo, Just a Gent, Droeloe","trap, hip-hop, bassline",Fox Theater - Oakland,8pm,$29.50 ,18+,Fox Theater - Oakland,http://www.ticketmaster.com/event/1C0052F387D42858,https://www.facebook.com/events/114349565871938/,43071.83333
Sat: Dec 2,Jai Wolf,"hip-hop, trap, synthpop",Arcata Theater Lounge (Arcata),9:30pm-1:30am,$15-20,18+,,https://tickets.vendini.com/ticket-software.html?t=tix&w=7487e69865aa764d38a358706e0c1571&vqitq=846f8f97-93e3-4c96-a83d-192a5b880cf5&vqitp=82d96aa9-9390-47ff-99f1-09998692e277&vqitts=1507050515&vqitc=vendini&vqite=itl&vqitrt=Safetynet&vqith=3ea2c8084028e9c059122c07299f07e6,,43071.89583
Sat: Dec 2,"Bedouin, KMLN, Billy Caso","deep house, tech house, progressive house",The Public Works (San Francisco),9:30pm-3:30am,$15-22,21+,On&On,https://www.ticketfly.com/purchase/event/1576720/tfly?__utma=1.1650008448.1507651380.1507651380.1507651380.1&__utmb=1.1.10.1507651380&__utmc=1&__utmx=-&__utmz=1.1507651380.1.1.utmcsr=google%7Cutmccn=(organic)%7Cutmcmd=organic%7Cutmctr=(not%2520provided)&__utmv=-&__utmk=4486195,https://www.facebook.com/events/177645842793968/,43071.89583
Sun: Dec 3,Big Gigantic,funk,Ace Of Spades (Sacramento),8:30pm,$25 ,All ages,,http://www.ticketfly.com/purchase/event/1560512?utm_medium=946393,,43072.85417
Mon: Dec 4,James Blake,"post-dubstep, R&B, soul, experimental",Herbst Theatre,8pm,$55 ,,,http://www.ticketmaster.com/event/1C005350937F31EB,https://www.facebook.com/events/139797776655660/,43073.83333
Tue: Dec 5,James Blake,"post-dubstep, R&B, soul, experimental",Herbst Theatre,8pm,$55 ,,,http://www.ticketmaster.com/event/1C00535093853201,,43074.83333
Wed: Dec 6,James Blake,"post-dubstep, R&B, soul, experimental",Herbst Theatre,8pm,$55 ,,,http://www.ticketmaster.com/event/1C005350938A321E,,43075.83333
Thu: Dec 7,Slow Magic,pop EDM,The Warfield (San Francisco),7pm,$30.75 ,18+,Goldenvoice,https://www.wantickets.com/Events/223828/SLOW-MAGIC,,43076.79167
Thu: Dec 7,Azizi Gibson,"trap, hip-hop",Social Hall SF,8pm,$17 ,21+,Goldenvoice,http://axs.com/events/343754/azizi-gibson-tickets,https://www.facebook.com/events/206443163226977/,43076.83333
Thu: Dec 7,Control SF: Figure & Midnight Tyrannosaurus,dubstep,DNA Lounge (San Francisco),9pm,$15 ,18+,"Control SF, Vital",http://ticketf.ly/2uPCQmQ,https://www.facebook.com/events/177237079485578/,43076.875
Thu: Dec 7,Bearcubs,"synthpop, leftfield, future beats",1015 Folsom (San Francisco),10pm-2am,$15 pre,21+,,http://bearcubs1015-fbe.eventbrite.com/,https://www.facebook.com/events/1484843494968813/,43076.91667
Fri: Dec 8,Louis The Child: Last To Leave Tour,future beats,Ace Of Spades (Sacramento),7pm,$29.95 ,All ages,Ace Of Spades,https://www.eventbrite.com/e/louis-the-child-last-to-leave-tour-ace-of-spades-tickets-36902830359,,43077.79167
Fri: Dec 8,SET w/ Hernan Cattaneo b2b Nick Warren,"progressive house, tech house",Audio (San Francisco),10pm-4am,$10-33.18,21+,SET,https://www.eventbrite.com/e/set-with-hernan-cattaneo-b2b-nick-warren-at-audio-tickets-37868690272,,43077.91667
Sat: Dec 9,Louis The Child: Last To Leave Tour,future beats,Fox Theater - Oakland,7pm,$29.50 ,18+,,http://www.ticketmaster.com/event/1C00530ADAF88012,,43078.79167
Sun: Dec 10,Turbo Drive: Betamaxx & Arcade High,synthwave,DNA Lounge (San Francisco),7pm-1am,$17 pre/$20,18+,Dna Lounge,https://www.facebook.com/events/475695529482621/,,43079.79167
Tue: Dec 12,Pierce Fulton w/Noosa,"big room house, electro house, progressive house",Swedish American Hall (San Francisco),7pm,$13-15,All ages,Noise Pop,http://www.ticketfly.com/purchase/event/1548399?utm_medium=946393,,43081.79167
Wed: Dec 13,"Anjunadeep San Francisco: Jody Wisternoff, Joseph Ashworth, Luttrell","progressive house, deep house",Audio San Francisco,9:30pm-2am,$15-25,21+,Luttrell,https://www.eventbrite.com/e/anjunadeep-north-american-tour-2017-tickets-38445694106?id=,https://www.facebook.com/events/167028163876357/,43082.89583
Thu: Dec 14,"Anjunadeep North American Tour 2017: 16 Bit Lolitas, Joseph Ashworth, Luttrell","progressive house, deep house",Audio San Francisco,9:30pm-2am,$20-25,21+,Audio San Francisco,https://www.eventbrite.com/e/anjunadeep-north-american-tour-2017-tickets-37554377153,,43083.89583
Thu: Dec 14,"Angelz, Bijou, Ciszak: ABC Tour","bass house, funky house, tech house, disco house",Social Nightclub (Sacramento),10pm-2:30am,$5 ,21+,Midnite Events,https://www.eventbrite.com/e/angelz-bijou-ciszak-abc-tour-in-sacramento-21-tickets-37916802176?aff=efbevent,https://www.facebook.com/events/278399495981060/,43083.91667
Fri: Dec 15,FKJ,"future beats, hip-hop, R&B",Fox Theater - Oakland,8pm,$29.50 ,18+,,http://www.ticketmaster.com/event/1C00532BDC6C5C9E,,43084.83333
Fri: Dec 15,Drezo,"electro house, big room",Social Hall SF,9pm,$15-17.50,21+,Social Hall SF,http://axs.com/events/342103/drezo-tickets,https://www.facebook.com/events/607980759590291/,43084.875
Fri: Dec 15,Boys Noize,"electro house, trap",Halcyon SF,10pm-4am,$20-30,21+,,http://ticketf.ly/2xrfyop,https://www.facebook.com/events/271376316703965/,43084.91667
Sat: Dec 16,"NGHTMRE, Lil Peep","trap, dubstep, electro house",Bill Graham Civic Auditorium (San Francisco),8pm,$42.50 ,18+,,http://www.ticketmaster.com/event/1C00531DAFF86023,,43085.83333
Sat: Dec 16,A Celebration for Audacious,"house, techno",TBA (Bay Area),9pm,Free,,,https://www.facebook.com/events/395173354231287/,,43085.875
Sat: Dec 16,On&On Feat. Guy Gerber,"deep house, tech house",The Great Northern (San Francisco),9:30pm-3:30am,$15-22,21+,On&On,https://www.ticketfly.com/purchase/mobile/index/1580264,https://www.facebook.com/events/1439584322805295/,43085.89583
Wed: Dec 20,"Ekali, Medasin, Judge","trap, hip-hop, dubstep, electro house",Ace Of Spades (Sacramento),7pm,$19 pre,All ages,,https://www.eventbrite.com/e/ekali-ace-of-spades-tickets-37040005654,,43089.79167
Thu: Dec 21,A Shlump'd Holiday,bass music,Hopmonk Tavern Sebastopol (Sebastopol),8:30pm,$8-15,21+,"Juke Joint, Euphoric Conceptions",https://www.ticketfly.com/purchase/event/1570318,https://www.facebook.com/events/1782756955355950/,43090.85417
Fri: Dec 22,"Ekali, Medasin","trap, hip-hop, dubstep, electro house",The Regency Ballroom (San Francisco),9pm,$21 ,18+,Goldenvoice-SF,http://axs.com/events/341244/ekali-tickets,https://www.facebook.com/events/1747623055536739/,43091.875
Sat: Dec 23,A Shlump'D Holiday,bass music,Moe's Alley (Santa Cruz),8pm-12:45am,$15 ,21+,,https://www.ticketfly.com/purchase/event/1561377,https://www.facebook.com/events/115513349118502/,43092.83333
Sat: Dec 23,Loves Company 017,"tech house, techno",Underground SF (San Francisco),9:30pm-2am,Free,21+,Loves Company,https://www.facebook.com/events/1834253433490189/,,43092.89583
Sat: Dec 23,"Spencer Brown, Chad Bays",progressive house,Audio San Francisco,9:30pm-2am,$10 ,21+,Audio San Francisco,https://www.eventbrite.com/e/spencer-brown-tickets-38097507671?id=,https://www.facebook.com/events/150087815588790/,43092.89583
Fri: Dec 29-Mon: Jan 1,POPNYE,"trance, house",The Armory (San Francisco),Fri: 7pm-Mon: 4am,$150+,18+,Skills Events,https://www.eventbrite.com/e/popnye-tickets-38551749320?aff=efbeventtix,https://www.facebook.com/events/156617474926533/,43098.79167
Fri: Dec 29,STS9,jamtronica,The Warfield (San Francisco),7:45pm-11:30pm,$32 ,All ages,Goldenvoice-SF,https://www.axs.com/events/342817/sts9-tickets?skin=warfield,https://www.facebook.com/events/120429208677898/,43098.82292
Fri: Dec 29,Markus Schulz,"progressive house, trance",1015 Folsom (San Francisco),9pm-5am,$20-25,21+,1015 Folsom,http://markus1015-fbe.eventbrite.com/,https://www.facebook.com/events/496141537409675/,43098.875
Fri: Dec 29,AC Slater,"bass house, electro house",Audio San Francisco,9:30pm-2am,$15-25,21+,219 Boys,https://www.eventbrite.com/e/ac-slater-tickets-38742350413?id=,https://www.facebook.com/events/121336278549168/,43098.89583
Sat: Dec 30,STS9,jamtronica,The Warfield (San Francisco),7:45pm-11:30pm,$32 ,All ages,Goldenvoice-SF,https://www.axs.com/events/342818/sts9-tickets?skin=warfield,https://www.facebook.com/events/120429208677898/,43099.82292
Sat: Dec 30,Kaskade,"progressive house, big room house",Bill Graham Civic Auditorium (San Francisco),8pm,$59.50 ,18+,,http://www.ticketmaster.com/event/1C00533C1F20D18A,,43099.83333
Sun: Dec 31,STS9,jamtronica,The Warfield (San Francisco),7:45pm-11:30pm,$32 ,All ages,Goldenvoice-SF,https://www.axs.com/events/342820/sts9-tickets?skin=warfield,https://www.facebook.com/events/120429208677898/,43100.82292
Sun: Dec 31,Kaskade,"progressive house, big room house",Bill Graham Civic Auditorium (San Francisco),8pm,$99.50 ,18+,,http://www.ticketmaster.com/event/1C00533C1BFDCEF8,,43100.83333
Sun: Dec 31,"New Wave's Eve feat Owen, Deejay TomasDiablo, Davey Bones","new wave, post-punk, synthpop",Oakland Metro Operahouse,9pm-1:45am,$12 ,21+,The Hanging Garden,https://www.facebook.com/events/1634978789865930/,,43100.875
Sun: Dec 31,NYE 2018 w/ Nora En Pure,progressive house,Audio San Francisco,9:30pm-2:30am,$50-90,21+,Audio San Francisco,https://www.eventbrite.com/e/nye-2018-w-nora-en-pure-tickets-38716650544?id=,https://www.facebook.com/events/1893270660991925/,43100.89583
Sun: Dec 31,Zhu: Blacklizt NYE,"house, future beats, downtempo",1015 Folsom (San Francisco),10pm-4am,$85-140,21+,1015 Folsom,http://Blackliztnye-fbe.eventbrite.com/,https://www.facebook.com/events/117750955563748/,43100.91667
"Fri: Jan 12, 2018",Marshmello,"trap, hip-hop",Bill Graham Civic Auditorium (San Francisco),8pm,$49.50 ,18+,,http://www.ticketmaster.com/event/1C005334727317F0,https://www.facebook.com/events/272137983279457/,43112.83333
"Sat: Jan 13, 2018",Marshmello,"trap, hip-hop",Bill Graham Civic Auditorium (San Francisco),8pm,$49.50 ,,,http://www.ticketmaster.com/event/1C005334727717F3,,43113.83333
"Sat: Jan 20, 2018",STRFKR,synthpop,The Regency Ballroom (San Francisco),9pm,$30 ,All ages,Goldenvoice-SF,http://axs.com/events/343066/strfkr-tickets,https://www.facebook.com/events/329544560790574/,43120.875
"Sat: Jan 27, 2018",Boy Harsher,"darkwave, industrial",Elbo Room (San Francisco),9pm-1am,$10 ,21+,Elbo Room,https://www.eventbrite.com/e/boy-harsher-in-sf-tickets-37978306136?aff=efbeventtix,https://www.facebook.com/events/122086395205044/,43127.875
"Fri: Feb 9, 2018",Hella HTID - The Official HTID USA Preparty,hardcore,DNA Lounge (San Francisco),7pm-4am,TBA,All ages,"Hardcore Junglists United, Northkore",https://www.facebook.com/events/1920660768258147/,,43140.79167
"Sat: Feb 10, 2018",HTID USA,party,The Regency Ballroom (San Francisco),9pm-4am,TBA,All ages,Htid Usa,https://www.facebook.com/events/139311956686019/,,43141.875
"Tue: Mar 27, 2018",OMD,synthpop,The Regency Ballroom (San Francisco),8:30pm,$39.50-49.50,All ages,Goldenvoice-SF,http://axs.com/events/342641/omd-tickets,https://www.facebook.com/events/137895746820755/,43186.85417
"Fri: Mar 30, 2018",Clean Bandit,"deep house, UK garage",The UC Theatre Taube Family Music Hall (Berkeley),7pm,$28 ,,,http://www.ticketfly.com/purchase/event/1568087?utm_medium=946393,,43189.79167
"Sat: Apr 7, 2018",Digitalism,indie dance,The Great Northern (San Francisco),8pm,$25 ,21+,,http://ticketf.ly/2xMrCRm,https://www.facebook.com/events/1151837384960783/,43197.83333
